,file,4Cihan,2Asli,3Cihan,1Asli,5Ozan,fullAgree,fullAgree_score,majority_score
0,58_mel1_per158958.wav,1.0,1.0,1.0,2.0,2.0,False,,1.0
9,51_mel2_per139659.wav,2.0,4.0,2.0,4.0,2.0,False,,2.0
10,66_mel2_per1033742.wav,1.0,1.0,1.0,1.0,1.0,True,1.0,1.0
11,58_mel2_per180160.wav,1.0,2.0,2.0,2.0,2.0,False,,2.0
16,61_mel2_per1510752.wav,1.0,2.0,1.0,2.0,1.0,False,,1.0
18,57_mel2_per182259.wav,1.0,1.0,1.0,1.0,1.0,True,1.0,1.0
21,57_mel1_per151659.wav,4.0,4.0,4.0,4.0,3.0,False,,4.0
23,63_mel2_per1470742.wav,1.0,4.0,2.0,3.0,3.0,False,,
25,610_mel1_per1392752.wav,1.0,1.0,1.0,1.0,1.0,True,1.0,1.0
26,54_mel1_per113160.wav,1.0,1.0,2.0,1.0,1.0,False,,1.0
27,57_mel2_per108859.wav,2.0,3.0,3.0,4.0,3.0,False,,3.0
28,54_mel1_per137160.wav,3.0,4.0,3.0,4.0,3.0,False,,3.0
29,63_mel1_per1653742.wav,4.0,4.0,4.0,4.0,3.0,False,,4.0
30,52_mel1_per176160.wav,4.0,4.0,4.0,4.0,3.0,False,,4.0
36,66_mel1_per1325752.wav,4.0,4.0,4.0,4.0,4.0,True,4.0,4.0
39,54_mel2_per114060.wav,2.0,3.0,3.0,3.0,2.0,False,,3.0
40,51_mel2_per113495.wav,1.0,2.0,1.0,2.0,1.0,False,,1.0
43,610_mel1_per1229742.wav,1.0,1.0,1.0,1.0,1.0,True,1.0,1.0
46,57_mel1_per182259.wav,1.0,1.0,1.0,1.0,2.0,False,,1.0
55,51_mel2_per172260.wav,1.0,3.0,1.0,3.0,3.0,False,,3.0
56,610_mel2_per1923742.wav,1.0,1.0,1.0,1.0,1.0,True,1.0,1.0
63,54_mel2_per183060.wav,1.0,1.0,1.0,1.0,1.0,True,1.0,1.0
69,65_mel1_per1307742.wav,4.0,4.0,4.0,4.0,4.0,True,4.0,4.0
72,51_mel2_per108858.wav,1.0,2.0,1.0,1.0,1.0,False,,1.0
73,69_mel2_per1980752.wav,1.0,1.0,1.0,2.0,1.0,False,,1.0
77,62_mel1_per1155742.wav,4.0,4.0,4.0,4.0,4.0,True,4.0,4.0
86,610_mel2_per1816742.wav,1.0,1.0,2.0,1.0,1.0,False,,1.0
89,68_mel2_per1004742.wav,1.0,1.0,2.0,2.0,1.0,False,,1.0
91,56_mel1_per127959.wav,2.0,3.0,3.0,3.0,3.0,False,,3.0
93,510_mel1_per131559.wav,1.0,1.0,2.0,1.0,1.0,False,,1.0
95,510_mel1_per182959.wav,,3.0,4.0,4.0,3.0,False,,
102,63_mel2_per1640752.wav,1.0,1.0,2.0,2.0,1.0,False,,1.0
110,53_mel2_per176060.wav,4.0,4.0,4.0,4.0,4.0,True,4.0,4.0
111,63_mel2_per1203742.wav,1.0,1.0,2.0,2.0,1.0,False,,1.0
113,52_mel2_per116659.wav,1.0,1.0,1.0,1.0,1.0,True,1.0,1.0
116,68_mel1_per1938752.wav,1.0,2.0,2.0,2.0,1.0,False,,2.0
125,55_mel2_per119658.wav,1.0,2.0,3.0,2.0,1.0,False,,
127,610_mel1_per1608742.wav,1.0,3.0,1.0,2.0,1.0,False,,1.0
129,62_mel2_per1458732.wav,1.0,1.0,1.0,1.0,1.0,True,1.0,1.0
131,63_mel1_per1137742.wav,1.0,3.0,2.0,2.0,2.0,False,,2.0
134,69_mel1_per1648742.wav,2.0,3.0,2.0,2.0,2.0,False,,2.0
136,63_mel1_per1628742.wav,1.0,2.0,2.0,2.0,1.0,False,,2.0
137,55_mel2_per127859.wav,3.0,4.0,4.0,4.0,3.0,False,,4.0
155,53_mel1_per156160.wav,2.0,,2.0,2.0,1.0,False,,2.0
157,63_mel2_per1851742.wav,1.0,1.0,1.0,1.0,1.0,True,1.0,1.0
164,53_mel2_per149558.wav,4.0,4.0,4.0,4.0,4.0,True,4.0,4.0
168,58_mel2_per112160.wav,2.0,1.0,2.0,2.0,1.0,False,,2.0
172,57_mel1_per124658.wav,4.0,4.0,4.0,4.0,4.0,True,4.0,4.0
174,67_mel2_per1837742.wav,1.0,1.0,2.0,2.0,1.0,False,,1.0
175,52_mel1_per147659.wav,4.0,3.0,4.0,4.0,3.0,False,,4.0
179,51_mel2_per158059.wav,1.0,1.0,1.0,1.0,1.0,True,1.0,1.0
180,59_mel1_per139160.wav,4.0,4.0,4.0,4.0,4.0,True,4.0,4.0
182,59_mel1_per156260.wav,1.0,1.0,1.0,2.0,1.0,False,,1.0
188,69_mel1_per1135742.wav,1.0,3.0,3.0,3.0,3.0,False,,3.0
194,610_mel2_per1608742.wav,1.0,1.0,1.0,2.0,1.0,False,,1.0
196,67_mel2_per1964742.wav,1.0,1.0,1.0,1.0,1.0,True,1.0,1.0
201,51_mel2_per128060.wav,3.0,4.0,4.0,3.0,3.0,False,,3.0
205,59_mel1_per123759.wav,3.0,4.0,4.0,4.0,2.0,False,,4.0
206,55_mel2_per136759.wav,3.0,3.0,2.0,3.0,2.0,False,,3.0
208,54_mel2_per174160.wav,1.0,1.0,1.0,1.0,1.0,True,1.0,1.0
217,56_mel1_per169995.wav,1.0,2.0,1.0,2.0,1.0,False,,1.0
219,66_mel2_per1702742.wav,1.0,1.0,1.0,1.0,1.0,True,1.0,1.0
226,65_mel2_per1632742.wav,1.0,1.0,1.0,1.0,1.0,True,1.0,1.0
227,57_mel2_per161959.wav,1.0,1.0,1.0,2.0,1.0,False,,1.0
233,68_mel1_per1479742.wav,4.0,4.0,4.0,4.0,3.0,False,,4.0
237,56_mel1_per198160.wav,3.0,3.0,3.0,2.0,2.0,False,,3.0
240,51_mel1_per172695.wav,4.0,4.0,4.0,4.0,3.0,False,,4.0
241,62_mel2_per1218752.wav,1.0,1.0,1.0,2.0,1.0,False,,1.0
246,510_mel1_per160695.wav,3.0,4.0,4.0,4.0,4.0,False,,4.0
247,67_mel2_per1882742.wav,1.0,1.0,1.0,2.0,1.0,False,,1.0
249,55_mel2_per136495.wav,1.0,1.0,2.0,2.0,2.0,False,,2.0
251,57_mel1_per138559.wav,2.0,3.0,2.0,3.0,3.0,False,,3.0
252,58_mel1_per110060.wav,1.0,1.0,1.0,2.0,1.0,False,,1.0
257,56_mel2_per129658.wav,2.0,3.0,2.0,3.0,1.0,False,,
260,52_mel1_per194260.wav,4.0,4.0,4.0,4.0,3.0,False,,4.0
263,65_mel1_per1632742.wav,1.0,1.0,1.0,1.0,1.0,True,1.0,1.0
265,56_mel1_per138759.wav,2.0,2.0,2.0,2.0,2.0,True,2.0,2.0
272,64_mel2_per1978742.wav,4.0,4.0,4.0,4.0,3.0,False,,4.0
274,610_mel2_per1173742.wav,4.0,3.0,3.0,4.0,2.0,False,,
275,55_mel2_per105559.wav,4.0,4.0,4.0,4.0,4.0,True,4.0,4.0
278,67_mel1_per1700752.wav,4.0,4.0,4.0,4.0,4.0,True,4.0,4.0
284,55_mel1_per110958.wav,4.0,4.0,4.0,4.0,4.0,True,4.0,4.0
293,51_mel1_per148060.wav,4.0,4.0,4.0,4.0,4.0,True,4.0,4.0
294,510_mel2_per109558.wav,1.0,1.0,1.0,2.0,2.0,False,,1.0
296,510_mel1_per172060.wav,1.0,1.0,2.0,1.0,1.0,False,,1.0
299,62_mel1_per1778742.wav,4.0,3.0,3.0,4.0,3.0,False,,3.0
303,57_mel1_per175558.wav,4.0,4.0,4.0,4.0,4.0,True,4.0,4.0
307,54_mel1_per153759.wav,4.0,4.0,4.0,4.0,4.0,True,4.0,4.0
316,51_mel2_per190959.wav,4.0,4.0,4.0,4.0,4.0,True,4.0,4.0
319,510_mel1_per174995.wav,,1.0,2.0,1.0,1.0,False,,1.0
320,58_mel2_per169759.wav,1.0,1.0,2.0,2.0,1.0,False,,1.0
322,51_mel1_per166260.wav,1.0,1.0,1.0,1.0,1.0,True,1.0,1.0
329,610_mel2_per1392752.wav,1.0,1.0,1.0,2.0,1.0,False,,1.0
341,510_mel1_per123758.wav,1.0,1.0,2.0,2.0,2.0,False,,2.0
342,69_mel1_per1473742.wav,4.0,4.0,4.0,4.0,4.0,True,4.0,4.0
343,67_mel1_per1548742.wav,4.0,4.0,4.0,4.0,4.0,True,4.0,4.0
344,64_mel1_per1023742.wav,1.0,1.0,1.0,1.0,1.0,True,1.0,1.0
348,56_mel1_per123658.wav,4.0,4.0,4.0,4.0,4.0,True,4.0,4.0
350,52_mel2_per152658.wav,1.0,1.0,1.0,2.0,1.0,False,,1.0
355,69_mel1_per1126742.wav,1.0,1.0,1.0,1.0,1.0,True,1.0,1.0
356,51_mel1_per186658.wav,3.0,4.0,4.0,4.0,4.0,False,,4.0
359,52_mel2_per150659.wav,1.0,1.0,1.0,1.0,1.0,True,1.0,1.0
368,63_mel1_per1366742.wav,1.0,2.0,3.0,3.0,2.0,False,,
374,52_mel1_per123858.wav,4.0,4.0,4.0,4.0,4.0,True,4.0,4.0
376,52_mel2_per192658.wav,3.0,4.0,3.0,4.0,3.0,False,,3.0
379,55_mel1_per118758.wav,2.0,3.0,2.0,3.0,2.0,False,,2.0
382,53_mel1_per176558.wav,4.0,,4.0,4.0,4.0,True,4.0,4.0
386,52_mel2_per176160.wav,2.0,4.0,2.0,3.0,2.0,False,,2.0
389,58_mel2_per197859.wav,1.0,1.0,1.0,1.0,1.0,True,1.0,1.0
390,68_mel2_per1181752.wav,1.0,1.0,2.0,2.0,2.0,False,,2.0
392,61_mel2_per1460752.wav,1.0,1.0,1.0,1.0,1.0,True,1.0,1.0
393,63_mel1_per1809742.wav,4.0,4.0,4.0,4.0,4.0,True,4.0,4.0
399,58_mel2_per158958.wav,2.0,3.0,2.0,3.0,1.0,False,,
400,58_mel2_per132559.wav,1.0,2.0,2.0,2.0,1.0,False,,2.0
402,610_mel1_per1923742.wav,1.0,1.0,2.0,2.0,1.0,False,,1.0
404,58_mel2_per104359.wav,1.0,2.0,2.0,2.0,2.0,False,,2.0
405,51_mel2_per106160.wav,1.0,2.0,1.0,2.0,1.0,False,,1.0
415,510_mel1_per123558.wav,1.0,1.0,1.0,1.0,1.0,True,1.0,1.0
418,65_mel1_per1856742.wav,1.0,3.0,2.0,3.0,2.0,False,,
425,51_mel1_per150859.wav,4.0,4.0,4.0,4.0,4.0,True,4.0,4.0
426,68_mel1_per1972742.wav,4.0,4.0,4.0,4.0,4.0,True,4.0,4.0
430,67_mel2_per1184752.wav,1.0,1.0,1.0,1.0,1.0,True,1.0,1.0
435,51_mel1_per102585.wav,3.0,4.0,3.0,4.0,3.0,False,,3.0
437,69_mel2_per1154742.wav,1.0,1.0,1.0,1.0,1.0,True,1.0,1.0
438,59_mel1_per140060.wav,4.0,4.0,4.0,4.0,4.0,True,4.0,4.0
439,610_mel2_per1109742.wav,1.0,2.0,1.0,2.0,2.0,False,,2.0
443,63_mel2_per1349742.wav,1.0,1.0,1.0,1.0,1.0,True,1.0,1.0
446,510_mel2_per174995.wav,1.0,1.0,2.0,2.0,2.0,False,,2.0
451,61_mel2_per1457742.wav,1.0,1.0,1.0,1.0,1.0,True,1.0,1.0
452,59_mel1_per194959.wav,2.0,3.0,2.0,3.0,2.0,False,,2.0
454,610_mel2_per1762742.wav,1.0,2.0,2.0,3.0,1.0,False,,
460,610_mel1_per1173742.wav,4.0,4.0,4.0,4.0,4.0,True,4.0,4.0
462,510_mel1_per104558.wav,4.0,4.0,4.0,4.0,4.0,True,4.0,4.0
463,58_mel1_per163859.wav,4.0,4.0,4.0,4.0,4.0,True,4.0,4.0
465,63_mel2_per1782742.wav,4.0,4.0,4.0,4.0,4.0,True,4.0,4.0
472,57_mel1_per108859.wav,4.0,4.0,4.0,4.0,4.0,True,4.0,4.0
474,62_mel2_per1084742.wav,1.0,1.0,1.0,1.0,1.0,True,1.0,1.0
475,510_mel1_per151658.wav,,1.0,2.0,2.0,1.0,False,,
479,67_mel1_per1882742.wav,1.0,3.0,2.0,2.0,2.0,False,,2.0
481,51_mel2_per152859.wav,1.0,2.0,1.0,2.0,2.0,False,,2.0
491,62_mel1_per1084742.wav,1.0,1.0,1.0,1.0,1.0,True,1.0,1.0
495,56_mel2_per110759.wav,1.0,1.0,1.0,1.0,1.0,True,1.0,1.0
496,52_mel2_per131658.wav,4.0,4.0,4.0,4.0,4.0,True,4.0,4.0
499,69_mel1_per1646742.wav,1.0,1.0,2.0,2.0,1.0,False,,1.0
506,57_mel2_per132995.wav,1.0,1.0,1.0,1.0,1.0,True,1.0,1.0
509,59_mel1_per172359.wav,1.0,2.0,1.0,2.0,2.0,False,,2.0
510,57_mel2_per175958.wav,4.0,4.0,4.0,4.0,4.0,True,4.0,4.0
512,56_mel2_per181159.wav,1.0,1.0,1.0,1.0,1.0,True,1.0,1.0
514,67_mel2_per1590752.wav,1.0,1.0,1.0,1.0,1.0,True,1.0,1.0
517,56_mel2_per193895.wav,2.0,3.0,3.0,3.0,3.0,False,,3.0
520,58_mel1_per133559.wav,2.0,3.0,2.0,3.0,3.0,False,,3.0
523,59_mel1_per118160.wav,3.0,3.0,4.0,3.0,3.0,False,,3.0
525,58_mel1_per197859.wav,1.0,4.0,3.0,2.0,3.0,False,,
528,69_mel2_per1620752.wav,1.0,3.0,2.0,2.0,1.0,False,,
529,68_mel1_per1199742.wav,1.0,1.0,3.0,2.0,2.0,False,,
533,51_mel1_per189759.wav,1.0,2.0,1.0,2.0,2.0,False,,2.0
537,54_mel1_per177959.wav,1.0,2.0,2.0,2.0,1.0,False,,2.0
539,54_mel1_per174160.wav,2.0,4.0,2.0,4.0,2.0,False,,2.0
540,56_mel2_per169995.wav,1.0,2.0,1.0,2.0,1.0,False,,1.0
553,52_mel2_per177459.wav,4.0,4.0,4.0,4.0,3.0,False,,4.0
554,54_mel2_per112759.wav,1.0,3.0,2.0,3.0,3.0,False,,3.0
558,62_mel1_per1828732.wav,4.0,4.0,4.0,4.0,4.0,True,4.0,4.0
564,69_mel2_per1423742.wav,4.0,4.0,4.0,4.0,4.0,True,4.0,4.0
566,66_mel1_per1128742.wav,2.0,1.0,2.0,2.0,1.0,False,,2.0
568,56_mel1_per198658.wav,1.0,1.0,1.0,1.0,1.0,True,1.0,1.0
570,65_mel1_per1840752.wav,4.0,4.0,4.0,4.0,4.0,True,4.0,4.0
572,610_mel2_per1808752.wav,4.0,4.0,4.0,4.0,4.0,True,4.0,4.0
574,69_mel2_per1658742.wav,1.0,1.0,3.0,2.0,1.0,False,,1.0
578,61_mel1_per1510752.wav,1.0,1.0,1.0,1.0,2.0,False,,1.0
580,53_mel2_per156160.wav,1.0,2.0,1.0,2.0,1.0,False,,1.0
582,55_mel1_per155558.wav,4.0,4.0,4.0,4.0,4.0,True,4.0,4.0
584,510_mel1_per124759.wav,,1.0,2.0,2.0,2.0,False,,2.0
586,55_mel2_per197885.wav,1.0,1.0,1.0,1.0,1.0,True,1.0,1.0
594,59_mel1_per140759.wav,4.0,4.0,4.0,4.0,4.0,True,4.0,4.0
595,65_mel1_per1062742.wav,4.0,4.0,4.0,4.0,2.0,False,,4.0
599,59_mel1_per131160.wav,4.0,4.0,4.0,4.0,4.0,True,4.0,4.0
605,56_mel2_per179160.wav,1.0,2.0,2.0,3.0,2.0,False,,2.0
608,56_mel1_per105160.wav,1.0,1.0,2.0,1.0,1.0,False,,1.0
616,57_mel2_per151859.wav,1.0,1.0,1.0,1.0,1.0,True,1.0,1.0
618,51_mel1_per139659.wav,4.0,4.0,4.0,4.0,4.0,True,4.0,4.0
621,54_mel2_per116759.wav,1.0,1.0,1.0,1.0,1.0,True,1.0,1.0
623,66_mel1_per1934742.wav,4.0,4.0,4.0,4.0,4.0,True,4.0,4.0
624,56_mel2_per196559.wav,1.0,2.0,2.0,2.0,1.0,False,,2.0
629,56_mel1_per193559.wav,1.0,3.0,2.0,2.0,1.0,False,,
631,52_mel1_per185858.wav,4.0,4.0,4.0,4.0,4.0,True,4.0,4.0
636,56_mel2_per193559.wav,1.0,1.0,1.0,1.0,1.0,True,1.0,1.0
637,68_mel1_per1637742.wav,4.0,1.0,1.0,1.0,1.0,False,,1.0
638,62_mel1_per1763742.wav,1.0,3.0,1.0,1.0,2.0,False,,1.0
642,69_mel1_per1755742.wav,2.0,2.0,3.0,2.0,3.0,False,,2.0
646,68_mel2_per1643742.wav,1.0,1.0,1.0,1.0,1.0,True,1.0,1.0
657,55_mel2_per127558.wav,3.0,4.0,4.0,4.0,2.0,False,,4.0
658,63_mel2_per1582742.wav,1.0,1.0,2.0,1.0,1.0,False,,1.0
661,64_mel2_per1055742.wav,4.0,4.0,4.0,4.0,4.0,True,4.0,4.0
665,63_mel1_per1582742.wav,1.0,3.0,2.0,4.0,3.0,False,,
667,51_mel1_per133859.wav,1.0,2.0,1.0,2.0,2.0,False,,2.0
670,55_mel1_per171959.wav,4.0,4.0,4.0,4.0,4.0,True,4.0,4.0
674,55_mel1_per176559.wav,2.0,3.0,3.0,1.0,2.0,False,,
684,58_mel2_per183859.wav,1.0,1.0,1.0,2.0,1.0,False,,1.0
695,55_mel1_per152160.wav,4.0,4.0,4.0,4.0,4.0,True,4.0,4.0
700,66_mel1_per1748742.wav,1.0,1.0,2.0,2.0,1.0,False,,1.0
702,54_mel2_per128658.wav,1.0,1.0,1.0,2.0,1.0,False,,1.0
705,61_mel1_per1460752.wav,1.0,1.0,2.0,3.0,2.0,False,,
707,64_mel1_per1254742.wav,4.0,3.0,4.0,4.0,4.0,False,,4.0
709,52_mel2_per188359.wav,4.0,4.0,4.0,4.0,4.0,True,4.0,4.0
718,65_mel2_per1316742.wav,1.0,1.0,2.0,2.0,2.0,False,,2.0
719,63_mel2_per1495742.wav,4.0,4.0,4.0,4.0,3.0,False,,4.0
720,51_mel2_per141260.wav,2.0,2.0,1.0,3.0,1.0,False,,
723,54_mel1_per183060.wav,1.0,1.0,1.0,1.0,1.0,True,1.0,1.0
726,56_mel1_per161060.wav,1.0,1.0,1.0,1.0,1.0,True,1.0,1.0
731,57_mel2_per144260.wav,3.0,4.0,3.0,4.0,3.0,False,,3.0
735,63_mel1_per1918752.wav,1.0,3.0,1.0,2.0,1.0,False,,1.0
736,67_mel1_per1952752.wav,1.0,2.0,1.0,2.0,2.0,False,,2.0
742,51_mel2_per154795.wav,1.0,2.0,1.0,1.0,1.0,False,,1.0
746,62_mel2_per1766742.wav,1.0,1.0,1.0,1.0,1.0,True,1.0,1.0
758,51_mel2_per114859.wav,1.0,2.0,1.0,2.0,1.0,False,,1.0
760,57_mel2_per136359.wav,1.0,2.0,1.0,2.0,2.0,False,,2.0
761,56_mel1_per162959.wav,1.0,2.0,1.0,2.0,1.0,False,,1.0
762,56_mel2_per198160.wav,1.0,1.0,1.0,1.0,1.0,True,1.0,1.0
767,62_mel1_per1407742.wav,4.0,4.0,4.0,4.0,4.0,True,4.0,4.0
771,52_mel1_per177459.wav,4.0,4.0,4.0,4.0,4.0,True,4.0,4.0
786,57_mel2_per105758.wav,2.0,2.0,3.0,3.0,1.0,False,,
789,52_mel2_per194260.wav,4.0,4.0,4.0,4.0,4.0,True,4.0,4.0
792,62_mel1_per1216742.wav,1.0,1.0,1.0,2.0,1.0,False,,1.0
797,54_mel2_per162695.wav,2.0,3.0,2.0,3.0,3.0,False,,3.0
801,510_mel2_per120658.wav,1.0,1.0,1.0,1.0,1.0,True,1.0,1.0
802,510_mel2_per196658.wav,1.0,1.0,2.0,2.0,1.0,False,,1.0
812,67_mel2_per1588732.wav,2.0,1.0,2.0,2.0,2.0,False,,2.0
820,57_mel2_per115160.wav,3.0,4.0,4.0,4.0,2.0,False,,4.0
822,69_mel1_per1620762.wav,1.0,1.0,1.0,1.0,1.0,True,1.0,1.0
829,52_mel2_per160959.wav,1.0,3.0,2.0,2.0,2.0,False,,2.0
830,69_mel1_per1209742.wav,4.0,4.0,4.0,4.0,4.0,True,4.0,4.0
833,53_mel1_per145659.wav,4.0,,4.0,4.0,4.0,True,4.0,4.0
844,61_mel1_per1718752.wav,1.0,1.0,1.0,1.0,1.0,True,1.0,1.0
845,62_mel2_per1872742.wav,1.0,1.0,2.0,2.0,1.0,False,,1.0
850,62_mel2_per1389742.wav,1.0,1.0,1.0,1.0,1.0,True,1.0,1.0
853,69_mel1_per1787742.wav,4.0,4.0,4.0,4.0,4.0,True,4.0,4.0
860,56_mel1_per155559.wav,4.0,4.0,4.0,4.0,4.0,True,4.0,4.0
866,510_mel1_per126795.wav,1.0,1.0,2.0,2.0,1.0,False,,1.0
870,55_mel2_per130859.wav,4.0,4.0,4.0,4.0,3.0,False,,4.0
871,67_mel2_per1937742.wav,1.0,1.0,2.0,2.0,1.0,False,,1.0
876,55_mel1_per121260.wav,1.0,3.0,1.0,3.0,1.0,False,,1.0
878,66_mel2_per1934742.wav,2.0,2.0,3.0,3.0,2.0,False,,2.0
879,57_mel2_per190658.wav,2.0,3.0,2.0,4.0,3.0,False,,
883,55_mel1_per131759.wav,4.0,4.0,4.0,4.0,4.0,True,4.0,4.0
902,57_mel2_per163060.wav,1.0,3.0,3.0,3.0,3.0,False,,3.0
908,66_mel2_per1038732.wav,1.0,1.0,1.0,1.0,1.0,True,1.0,1.0
912,69_mel2_per1287742.wav,1.0,1.0,1.0,1.0,1.0,True,1.0,1.0
921,53_mel1_per152659.wav,1.0,,1.0,1.0,1.0,True,1.0,1.0
923,61_mel1_per1155752.wav,1.0,1.0,1.0,2.0,1.0,False,,1.0
927,53_mel1_per188658.wav,1.0,,2.0,1.0,1.0,False,,1.0
934,53_mel1_per159060.wav,4.0,,4.0,4.0,4.0,True,4.0,4.0
936,63_mel2_per1718742.wav,1.0,1.0,2.0,1.0,1.0,False,,1.0
942,63_mel2_per1538742.wav,1.0,1.0,1.0,1.0,1.0,True,1.0,1.0
944,66_mel2_per1387742.wav,2.0,1.0,2.0,2.0,1.0,False,,2.0
948,66_mel2_per1748742.wav,1.0,1.0,1.0,1.0,1.0,True,1.0,1.0
960,53_mel1_per134758.wav,1.0,,1.0,1.0,1.0,True,1.0,1.0
961,58_mel1_per151060.wav,4.0,4.0,4.0,4.0,4.0,True,4.0,4.0
962,67_mel1_per1913742.wav,1.0,1.0,1.0,3.0,2.0,False,,1.0
963,55_mel1_per156595.wav,2.0,1.0,2.0,2.0,2.0,False,,2.0
967,58_mel2_per133559.wav,1.0,1.0,1.0,1.0,1.0,True,1.0,1.0
970,58_mel1_per175685.wav,4.0,3.0,4.0,4.0,3.0,False,,4.0
977,57_mel1_per139558.wav,1.0,1.0,1.0,1.0,1.0,True,1.0,1.0
979,56_mel2_per112859.wav,1.0,2.0,1.0,3.0,3.0,False,,
984,56_mel2_per147959.wav,1.0,2.0,2.0,2.0,1.0,False,,2.0
988,55_mel1_per148759.wav,4.0,4.0,4.0,4.0,4.0,True,4.0,4.0
992,52_mel2_per125985.wav,1.0,1.0,1.0,1.0,1.0,True,1.0,1.0
994,57_mel1_per136359.wav,4.0,4.0,4.0,4.0,4.0,True,4.0,4.0
995,65_mel1_per1922752.wav,1.0,1.0,1.0,1.0,1.0,True,1.0,1.0
997,64_mel2_per1790752.wav,1.0,2.0,2.0,2.0,2.0,False,,2.0
999,52_mel2_per132685.wav,2.0,3.0,2.0,2.0,3.0,False,,2.0
1010,68_mel1_per1009742.wav,1.0,3.0,1.0,2.0,2.0,False,,
1011,57_mel2_per189959.wav,4.0,4.0,4.0,4.0,4.0,True,4.0,4.0
1023,69_mel2_per1620762.wav,1.0,1.0,2.0,1.0,1.0,False,,1.0
1027,66_mel1_per1892752.wav,1.0,1.0,4.0,2.0,1.0,False,,1.0
1031,59_mel1_per124559.wav,1.0,1.0,1.0,1.0,1.0,True,1.0,1.0
1043,57_mel1_per177658.wav,3.0,4.0,3.0,2.0,3.0,False,,3.0
1046,52_mel2_per121160.wav,1.0,1.0,1.0,1.0,1.0,True,1.0,1.0
1050,510_mel1_per196795.wav,1.0,3.0,2.0,2.0,2.0,False,,2.0
1051,510_mel1_per112658.wav,1.0,1.0,1.0,1.0,1.0,True,1.0,1.0
1055,63_mel1_per1288732.wav,1.0,2.0,2.0,2.0,2.0,False,,2.0
1056,59_mel1_per120160.wav,1.0,1.0,2.0,2.0,1.0,False,,1.0
1060,56_mel1_per196559.wav,4.0,4.0,4.0,4.0,4.0,True,4.0,4.0
1061,53_mel1_per115558.wav,2.0,,2.0,2.0,2.0,True,2.0,2.0
1064,58_mel1_per193959.wav,2.0,1.0,2.0,1.0,2.0,False,,2.0
1066,53_mel1_per183659.wav,1.0,,2.0,1.0,1.0,False,,1.0
1068,56_mel2_per102758.wav,4.0,4.0,4.0,4.0,4.0,True,4.0,4.0
1071,59_mel1_per126658.wav,4.0,4.0,4.0,4.0,4.0,True,4.0,4.0
1075,56_mel2_per173060.wav,1.0,1.0,2.0,2.0,1.0,False,,1.0
1080,58_mel1_per178060.wav,4.0,4.0,4.0,4.0,4.0,True,4.0,4.0
1081,67_mel2_per1838732.wav,1.0,1.0,1.0,2.0,1.0,False,,1.0
1083,67_mel1_per1939742.wav,1.0,3.0,2.0,4.0,3.0,False,,
1085,53_mel1_per168259.wav,2.0,,3.0,4.0,3.0,False,,
1090,510_mel2_per182959.wav,2.0,3.0,3.0,3.0,3.0,False,,3.0
1091,54_mel2_per153759.wav,4.0,4.0,4.0,4.0,4.0,True,4.0,4.0
1093,55_mel1_per165006.wav,2.0,1.0,2.0,2.0,2.0,False,,2.0
1095,67_mel2_per1952752.wav,1.0,1.0,1.0,2.0,1.0,False,,1.0
1096,66_mel1_per1213742.wav,1.0,3.0,3.0,2.0,3.0,False,,3.0
1102,56_mel1_per173060.wav,4.0,1.0,1.0,2.0,1.0,False,,1.0
1119,66_mel2_per1325752.wav,4.0,4.0,4.0,4.0,2.0,False,,4.0
1120,53_mel2_per134758.wav,1.0,2.0,2.0,3.0,1.0,False,,
1121,69_mel2_per1135742.wav,1.0,1.0,1.0,2.0,1.0,False,,1.0
1122,61_mel1_per1342752.wav,2.0,3.0,2.0,3.0,2.0,False,,2.0
1124,53_mel2_per108658.wav,2.0,3.0,3.0,4.0,3.0,False,,3.0
1125,510_mel1_per162160.wav,1.0,1.0,2.0,1.0,1.0,False,,1.0
1130,61_mel1_per1593742.wav,1.0,1.0,2.0,2.0,1.0,False,,1.0
1132,53_mel1_per147558.wav,4.0,,4.0,4.0,4.0,True,4.0,4.0
1134,52_mel1_per160959.wav,2.0,3.0,2.0,3.0,1.0,False,,
1141,65_mel2_per1863742.wav,1.0,1.0,2.0,1.0,1.0,False,,1.0
1144,51_mel1_per190959.wav,4.0,4.0,4.0,4.0,4.0,True,4.0,4.0
1151,54_mel2_per113160.wav,1.0,1.0,1.0,1.0,1.0,True,1.0,1.0
1154,57_mel2_per109659.wav,1.0,2.0,2.0,2.0,1.0,False,,2.0
1155,53_mel1_per156759.wav,3.0,,4.0,4.0,3.0,False,,
1156,54_mel2_per191658.wav,2.0,2.0,1.0,2.0,1.0,False,,2.0
1158,58_mel2_per143758.wav,1.0,2.0,2.0,2.0,3.0,False,,2.0
1166,52_mel2_per146759.wav,4.0,4.0,4.0,4.0,3.0,False,,4.0
1170,62_mel1_per1849752.wav,4.0,4.0,4.0,4.0,4.0,True,4.0,4.0
1171,58_mel2_per155259.wav,2.0,4.0,2.0,2.0,2.0,False,,2.0
1172,66_mel1_per1735742.wav,1.0,1.0,2.0,1.0,1.0,False,,1.0
1177,52_mel1_per146759.wav,2.0,3.0,3.0,3.0,2.0,False,,3.0
1178,51_mel2_per145095.wav,1.0,2.0,1.0,1.0,1.0,False,,1.0
1183,58_mel1_per155259.wav,4.0,4.0,4.0,4.0,4.0,True,4.0,4.0
1185,610_mel1_per1816742.wav,1.0,2.0,2.0,2.0,3.0,False,,2.0
1187,56_mel2_per144060.wav,1.0,1.0,1.0,1.0,1.0,True,1.0,1.0
1189,51_mel2_per109959.wav,1.0,3.0,1.0,1.0,1.0,False,,1.0
1190,54_mel2_per133959.wav,1.0,1.0,1.0,1.0,1.0,True,1.0,1.0
1192,54_mel1_per161858.wav,1.0,1.0,1.0,1.0,1.0,True,1.0,1.0
1196,65_mel2_per1855742.wav,1.0,1.0,1.0,1.0,1.0,True,1.0,1.0
1201,65_mel2_per1307742.wav,4.0,4.0,3.0,4.0,4.0,False,,4.0
1208,56_mel2_per124859.wav,2.0,2.0,3.0,3.0,2.0,False,,2.0
1212,67_mel1_per1393742.wav,1.0,2.0,1.0,2.0,2.0,False,,2.0
1218,510_mel1_per129859.wav,4.0,4.0,4.0,4.0,4.0,True,4.0,4.0
1221,61_mel1_per1512752.wav,4.0,4.0,4.0,4.0,4.0,True,4.0,4.0
1224,63_mel2_per1908742.wav,1.0,3.0,2.0,2.0,2.0,False,,2.0
1234,61_mel2_per1878742.wav,1.0,1.0,1.0,1.0,1.0,True,1.0,1.0
1236,510_mel2_per160695.wav,1.0,3.0,1.0,2.0,1.0,False,,1.0
1241,69_mel2_per1755742.wav,1.0,1.0,2.0,2.0,1.0,False,,1.0
1243,67_mel2_per1198742.wav,1.0,1.0,2.0,2.0,1.0,False,,1.0
1248,53_mel2_per168259.wav,1.0,1.0,2.0,1.0,2.0,False,,1.0
1255,510_mel1_per151759.wav,,3.0,2.0,3.0,2.0,False,,
1259,55_mel2_per121260.wav,4.0,4.0,4.0,4.0,3.0,False,,4.0
1274,57_mel2_per105558.wav,1.0,3.0,2.0,3.0,2.0,False,,
1276,65_mel2_per1065742.wav,1.0,1.0,2.0,2.0,1.0,False,,1.0
1278,51_mel1_per154795.wav,4.0,4.0,3.0,4.0,4.0,False,,4.0
1282,68_mel1_per1643742.wav,1.0,1.0,2.0,2.0,1.0,False,,1.0
1289,64_mel1_per1978742.wav,4.0,4.0,4.0,4.0,4.0,True,4.0,4.0
1296,63_mel1_per1379742.wav,1.0,1.0,1.0,2.0,1.0,False,,1.0
1302,65_mel1_per1310742.wav,1.0,3.0,3.0,3.0,3.0,False,,3.0
1305,56_mel2_per196959.wav,1.0,2.0,2.0,2.0,1.0,False,,2.0
1312,510_mel2_per119060.wav,1.0,1.0,1.0,1.0,1.0,True,1.0,1.0
1318,63_mel1_per1851742.wav,1.0,2.0,2.0,2.0,2.0,False,,2.0
1332,51_mel1_per158059.wav,3.0,4.0,3.0,4.0,4.0,False,,4.0
1342,58_mel2_per140260.wav,1.0,1.0,1.0,1.0,1.0,True,1.0,1.0
1343,66_mel1_per1566742.wav,1.0,1.0,1.0,2.0,2.0,False,,1.0
1346,69_mel1_per1658742.wav,4.0,4.0,4.0,4.0,3.0,False,,4.0
1353,58_mel1_per143758.wav,4.0,4.0,4.0,4.0,4.0,True,4.0,4.0
1354,55_mel2_per131759.wav,2.0,3.0,3.0,3.0,2.0,False,,3.0
1358,62_mel1_per1838752.wav,4.0,4.0,4.0,4.0,4.0,True,4.0,4.0
1361,51_mel1_per154585.wav,4.0,4.0,4.0,4.0,4.0,True,4.0,4.0
1362,56_mel1_per193895.wav,4.0,4.0,4.0,4.0,4.0,True,4.0,4.0
1364,67_mel2_per1562742.wav,1.0,1.0,1.0,2.0,1.0,False,,1.0
1365,63_mel1_per1349742.wav,1.0,3.0,2.0,3.0,2.0,False,,
1367,62_mel2_per1763742.wav,1.0,1.0,1.0,1.0,1.0,True,1.0,1.0
1368,55_mel1_per142759.wav,2.0,2.0,2.0,3.0,1.0,False,,2.0
1369,52_mel1_per141958.wav,1.0,1.0,1.0,1.0,1.0,True,1.0,1.0
1371,58_mel2_per193659.wav,1.0,1.0,1.0,1.0,1.0,True,1.0,1.0
1376,63_mel2_per1918752.wav,1.0,3.0,1.0,2.0,2.0,False,,
1378,69_mel2_per1473742.wav,1.0,1.0,2.0,1.0,1.0,False,,1.0
1379,57_mel1_per132695.wav,2.0,2.0,2.0,2.0,2.0,True,2.0,2.0
1381,57_mel1_per104259.wav,4.0,3.0,4.0,4.0,3.0,False,,4.0
1385,610_mel2_per1229742.wav,1.0,1.0,1.0,2.0,1.0,False,,1.0
1386,67_mel1_per1597742.wav,1.0,1.0,1.0,2.0,2.0,False,,1.0
1388,55_mel2_per147758.wav,1.0,1.0,2.0,2.0,1.0,False,,1.0
1389,61_mel1_per1457742.wav,1.0,3.0,2.0,2.0,2.0,False,,2.0
1392,63_mel2_per1924742.wav,3.0,3.0,3.0,4.0,3.0,False,,3.0
1395,53_mel2_per165759.wav,1.0,3.0,3.0,2.0,2.0,False,,
1399,67_mel2_per1374742.wav,1.0,1.0,2.0,2.0,1.0,False,,1.0
1401,62_mel1_per1260752.wav,1.0,1.0,1.0,2.0,1.0,False,,1.0
1404,66_mel2_per1892752.wav,1.0,1.0,1.0,1.0,1.0,True,1.0,1.0
1407,57_mel2_per138559.wav,4.0,4.0,3.0,4.0,3.0,False,,4.0
1410,68_mel2_per1637742.wav,1.0,2.0,2.0,2.0,1.0,False,,2.0
1420,63_mel2_per1158742.wav,1.0,1.0,1.0,1.0,1.0,True,1.0,1.0
1421,54_mel2_per128758.wav,4.0,4.0,4.0,4.0,3.0,False,,4.0
1426,56_mel2_per123658.wav,4.0,4.0,4.0,4.0,4.0,True,4.0,4.0
1427,51_mel1_per126659.wav,3.0,4.0,4.0,4.0,3.0,False,,4.0
1431,54_mel1_per116759.wav,2.0,4.0,3.0,4.0,3.0,False,,
1444,66_mel2_per1397752.wav,2.0,1.0,3.0,2.0,2.0,False,,2.0
1446,67_mel1_per1590752.wav,1.0,1.0,1.0,1.0,1.0,True,1.0,1.0
1453,65_mel2_per1922752.wav,1.0,1.0,1.0,1.0,1.0,True,1.0,1.0
1454,61_mel1_per1616742.wav,4.0,4.0,4.0,4.0,4.0,True,4.0,4.0
1455,56_mel2_per115858.wav,1.0,1.0,1.0,1.0,1.0,True,1.0,1.0
1460,67_mel2_per1019732.wav,1.0,1.0,1.0,1.0,1.0,True,1.0,1.0
1461,52_mel1_per141859.wav,4.0,4.0,4.0,4.0,4.0,True,4.0,4.0
1466,66_mel1_per1338752.wav,1.0,1.0,1.0,1.0,1.0,True,1.0,1.0
1471,55_mel2_per132060.wav,4.0,4.0,4.0,4.0,4.0,True,4.0,4.0
1480,62_mel2_per1260752.wav,2.0,4.0,2.0,4.0,3.0,False,,
1483,53_mel1_per172160.wav,4.0,,4.0,4.0,4.0,True,4.0,4.0
1489,56_mel2_per162959.wav,1.0,3.0,2.0,2.0,2.0,False,,2.0
1490,65_mel2_per1310742.wav,1.0,1.0,1.0,2.0,1.0,False,,1.0
1491,63_mel2_per1946742.wav,1.0,1.0,1.0,1.0,1.0,True,1.0,1.0
1495,67_mel2_per1597742.wav,1.0,1.0,1.0,1.0,1.0,True,1.0,1.0
1497,69_mel2_per1648742.wav,1.0,1.0,2.0,1.0,1.0,False,,1.0
1498,56_mel1_per178959.wav,1.0,1.0,1.0,2.0,1.0,False,,1.0
1501,510_mel1_per141759.wav,1.0,1.0,2.0,3.0,2.0,False,,
1503,51_mel1_per101559.wav,1.0,2.0,1.0,1.0,1.0,False,,1.0
1505,53_mel2_per154895.wav,1.0,2.0,1.0,1.0,1.0,False,,1.0
1511,69_mel2_per1773742.wav,3.0,4.0,2.0,3.0,3.0,False,,3.0
1515,55_mel2_per171959.wav,4.0,4.0,4.0,4.0,3.0,False,,4.0
1516,69_mel1_per1360752.wav,4.0,3.0,2.0,4.0,3.0,False,,
1518,51_mel1_per198859.wav,4.0,4.0,4.0,4.0,4.0,True,4.0,4.0
1521,69_mel2_per1126742.wav,1.0,1.0,1.0,1.0,1.0,True,1.0,1.0
1523,610_mel1_per1403742.wav,2.0,1.0,3.0,3.0,2.0,False,,
1526,58_mel1_per140260.wav,1.0,1.0,2.0,2.0,1.0,False,,1.0
1529,56_mel2_per167758.wav,1.0,3.0,3.0,2.0,2.0,False,,
1530,56_mel2_per122759.wav,2.0,2.0,2.0,3.0,2.0,False,,2.0
1532,56_mel1_per147959.wav,1.0,1.0,1.0,2.0,1.0,False,,1.0
1537,53_mel1_per116558.wav,2.0,,3.0,4.0,3.0,False,,
1543,66_mel2_per1823742.wav,3.0,3.0,4.0,4.0,2.0,False,,
1546,510_mel2_per155758.wav,1.0,2.0,2.0,1.0,1.0,False,,1.0
1547,63_mel2_per1634742.wav,1.0,1.0,1.0,1.0,1.0,True,1.0,1.0
1549,58_mel1_per104359.wav,4.0,3.0,3.0,3.0,3.0,False,,3.0
1550,66_mel1_per1038732.wav,1.0,1.0,1.0,2.0,1.0,False,,1.0
1552,52_mel1_per157160.wav,1.0,1.0,1.0,1.0,1.0,True,1.0,1.0
1553,69_mel2_per1646742.wav,1.0,1.0,1.0,1.0,1.0,True,1.0,1.0
1561,63_mel2_per1137742.wav,1.0,1.0,1.0,1.0,1.0,True,1.0,1.0
1562,51_mel1_per113495.wav,4.0,4.0,3.0,4.0,4.0,False,,4.0
1564,61_mel2_per1903742.wav,1.0,1.0,1.0,1.0,1.0,True,1.0,1.0
1566,510_mel2_per110758.wav,2.0,1.0,2.0,2.0,1.0,False,,2.0
1567,64_mel1_per1990752.wav,1.0,1.0,1.0,2.0,1.0,False,,1.0
1573,51_mel1_per138160.wav,1.0,2.0,1.0,1.0,1.0,False,,1.0
1574,51_mel1_per114859.wav,2.0,3.0,2.0,2.0,2.0,False,,2.0
1580,58_mel1_per149659.wav,1.0,1.0,1.0,1.0,1.0,True,1.0,1.0
1581,510_mel2_per154659.wav,2.0,3.0,3.0,3.0,3.0,False,,3.0
1589,66_mel2_per1679742.wav,1.0,1.0,1.0,1.0,1.0,True,1.0,1.0
1590,68_mel1_per1435742.wav,1.0,1.0,1.0,1.0,1.0,True,1.0,1.0
1604,58_mel2_per149659.wav,1.0,1.0,1.0,1.0,2.0,False,,1.0
1605,64_mel1_per1790752.wav,1.0,1.0,3.0,2.0,2.0,False,,
1606,58_mel2_per178060.wav,1.0,3.0,3.0,3.0,1.0,False,,3.0
1607,55_mel2_per161659.wav,4.0,4.0,4.0,4.0,4.0,True,4.0,4.0
1610,69_mel1_per1620752.wav,4.0,4.0,4.0,3.0,3.0,False,,4.0
1619,63_mel2_per1628742.wav,1.0,1.0,1.0,1.0,1.0,True,1.0,1.0
1620,55_mel2_per104060.wav,4.0,4.0,4.0,4.0,4.0,True,4.0,4.0
1629,66_mel1_per1702742.wav,1.0,1.0,1.0,1.0,1.0,True,1.0,1.0
1635,62_mel2_per1270752.wav,1.0,1.0,1.0,2.0,1.0,False,,1.0
1639,63_mel1_per1538742.wav,2.0,3.0,1.0,3.0,3.0,False,,3.0
1640,55_mel2_per155558.wav,4.0,4.0,4.0,4.0,4.0,True,4.0,4.0
1643,69_mel2_per1579752.wav,1.0,1.0,1.0,1.0,1.0,True,1.0,1.0
1644,69_mel1_per1579752.wav,1.0,2.0,2.0,3.0,3.0,False,,
1647,57_mel2_per139559.wav,4.0,4.0,4.0,4.0,4.0,True,4.0,4.0
1651,65_mel2_per1328742.wav,1.0,1.0,1.0,1.0,1.0,True,1.0,1.0
1654,510_mel1_per126559.wav,1.0,1.0,1.0,1.0,1.0,True,1.0,1.0
1658,56_mel1_per158160.wav,1.0,1.0,1.0,1.0,1.0,True,1.0,1.0
1659,510_mel1_per148959.wav,,1.0,1.0,2.0,1.0,False,,1.0
1660,66_mel2_per1375742.wav,1.0,1.0,1.0,2.0,1.0,False,,1.0
1663,52_mel2_per142159.wav,1.0,1.0,1.0,3.0,1.0,False,,1.0
1664,69_mel1_per1207742.wav,1.0,1.0,2.0,2.0,2.0,False,,2.0
1666,610_mel1_per1699742.wav,3.0,4.0,4.0,4.0,4.0,False,,4.0
1667,610_mel1_per1808752.wav,4.0,4.0,4.0,4.0,4.0,True,4.0,4.0
1668,67_mel1_per1964742.wav,4.0,1.0,1.0,2.0,1.0,False,,1.0
1670,64_mel1_per1664742.wav,1.0,2.0,2.0,2.0,2.0,False,,2.0
1671,66_mel2_per1566742.wav,1.0,1.0,1.0,1.0,1.0,True,1.0,1.0
1675,52_mel1_per142159.wav,4.0,4.0,4.0,4.0,4.0,True,4.0,4.0
1676,62_mel1_per1766742.wav,1.0,1.0,2.0,2.0,2.0,False,,2.0
1683,63_mel2_per1176742.wav,2.0,4.0,1.0,3.0,3.0,False,,
1688,58_mel1_per177060.wav,1.0,1.0,1.0,2.0,2.0,False,,1.0
1689,55_mel2_per152160.wav,4.0,4.0,3.0,4.0,4.0,False,,4.0
1690,54_mel2_per137160.wav,4.0,4.0,4.0,4.0,4.0,True,4.0,4.0
1691,51_mel1_per109959.wav,4.0,4.0,4.0,4.0,4.0,True,4.0,4.0
1695,510_mel2_per151658.wav,1.0,1.0,3.0,2.0,1.0,False,,1.0
1696,55_mel2_per110958.wav,4.0,4.0,4.0,4.0,4.0,True,4.0,4.0
1698,61_mel2_per1593742.wav,1.0,1.0,1.0,1.0,1.0,True,1.0,1.0
1699,68_mel2_per1795742.wav,1.0,1.0,1.0,1.0,1.0,True,1.0,1.0
1703,51_mel2_per163559.wav,1.0,3.0,1.0,3.0,1.0,False,,1.0
1707,51_mel1_per166060.wav,4.0,4.0,4.0,4.0,4.0,True,4.0,4.0
1713,69_mel1_per1773742.wav,3.0,4.0,3.0,4.0,3.0,False,,3.0
1715,62_mel1_per1218752.wav,4.0,4.0,4.0,4.0,3.0,False,,4.0
1722,64_mel2_per1724742.wav,1.0,1.0,1.0,2.0,1.0,False,,1.0
1731,55_mel1_per103959.wav,4.0,4.0,4.0,4.0,4.0,True,4.0,4.0
1736,56_mel1_per132759.wav,1.0,1.0,1.0,2.0,1.0,False,,1.0
1737,55_mel1_per166758.wav,3.0,4.0,4.0,4.0,4.0,False,,4.0
1740,55_mel2_per156595.wav,4.0,4.0,4.0,4.0,3.0,False,,4.0
1741,57_mel2_per132695.wav,1.0,1.0,1.0,1.0,1.0,True,1.0,1.0
1744,56_mel2_per158160.wav,2.0,3.0,2.0,3.0,2.0,False,,2.0
1746,66_mel2_per1128742.wav,1.0,1.0,2.0,2.0,2.0,False,,2.0
1750,67_mel2_per1134742.wav,1.0,1.0,1.0,2.0,1.0,False,,1.0
1753,55_mel2_per142759.wav,4.0,4.0,4.0,4.0,3.0,False,,4.0
1754,65_mel1_per1074742.wav,1.0,3.0,2.0,3.0,3.0,False,,3.0
1755,610_mel1_per1762742.wav,4.0,4.0,4.0,4.0,2.0,False,,4.0
1757,58_mel1_per190758.wav,1.0,4.0,2.0,2.0,3.0,False,,
1762,55_mel1_per119658.wav,1.0,1.0,1.0,1.0,1.0,True,1.0,1.0
1769,58_mel1_per132559.wav,4.0,4.0,4.0,4.0,3.0,False,,4.0
1784,63_mel2_per1481742.wav,4.0,4.0,4.0,4.0,3.0,False,,4.0
1787,54_mel1_per114060.wav,4.0,4.0,4.0,4.0,4.0,True,4.0,4.0
1793,510_mel1_per112958.wav,4.0,4.0,4.0,4.0,4.0,True,4.0,4.0
1796,65_mel2_per1928732.wav,1.0,3.0,1.0,3.0,1.0,False,,1.0
1797,58_mel2_per193959.wav,4.0,4.0,4.0,4.0,4.0,True,4.0,4.0
1798,65_mel2_per1725742.wav,1.0,1.0,1.0,2.0,1.0,False,,1.0
1800,54_mel1_per191658.wav,1.0,3.0,3.0,2.0,1.0,False,,
1806,54_mel1_per182060.wav,1.0,1.0,2.0,3.0,2.0,False,,
1815,51_mel2_per172695.wav,2.0,3.0,1.0,2.0,2.0,False,,2.0
1823,63_mel1_per1304742.wav,4.0,4.0,4.0,4.0,4.0,True,4.0,4.0
1828,59_mel1_per134959.wav,1.0,1.0,2.0,2.0,2.0,False,,2.0
1829,510_mel1_per124160.wav,1.0,1.0,2.0,1.0,1.0,False,,1.0
1832,510_mel2_per172060.wav,1.0,1.0,2.0,1.0,1.0,False,,1.0
1833,63_mel1_per1158742.wav,1.0,1.0,1.0,1.0,1.0,True,1.0,1.0
1836,64_mel1_per1548732.wav,4.0,4.0,4.0,4.0,4.0,True,4.0,4.0
1843,510_mel2_per119559.wav,1.0,1.0,2.0,1.0,1.0,False,,1.0
1846,52_mel2_per157160.wav,1.0,1.0,1.0,1.0,1.0,True,1.0,1.0
1848,66_mel2_per1873742.wav,1.0,1.0,1.0,1.0,1.0,True,1.0,1.0
1865,54_mel2_per173160.wav,2.0,3.0,2.0,2.0,2.0,False,,2.0
1870,510_mel1_per139959.wav,1.0,4.0,2.0,3.0,2.0,False,,
1879,67_mel1_per1846742.wav,2.0,1.0,2.0,3.0,2.0,False,,2.0
1887,65_mel2_per1856742.wav,1.0,2.0,3.0,2.0,2.0,False,,2.0
1888,62_mel2_per1591752.wav,2.0,1.0,2.0,2.0,2.0,False,,2.0
1895,52_mel2_per156859.wav,1.0,2.0,1.0,1.0,1.0,False,,1.0
1903,51_mel2_per133859.wav,2.0,3.0,2.0,3.0,1.0,False,,
1904,68_mel2_per1365742.wav,2.0,3.0,3.0,2.0,2.0,False,,2.0
1905,55_mel1_per115260.wav,1.0,1.0,1.0,1.0,1.0,True,1.0,1.0
1911,65_mel2_per1392742.wav,1.0,1.0,2.0,2.0,1.0,False,,1.0
1912,63_mel1_per1908742.wav,1.0,2.0,1.0,2.0,1.0,False,,1.0
1920,53_mel1_per187859.wav,2.0,,3.0,2.0,2.0,False,,2.0
1921,58_mel2_per177060.wav,1.0,1.0,1.0,2.0,1.0,False,,1.0
1923,61_mel2_per1342752.wav,1.0,2.0,1.0,2.0,1.0,False,,1.0
1934,62_mel1_per1591752.wav,1.0,1.0,2.0,2.0,2.0,False,,2.0
1937,55_mel2_per165006.wav,4.0,4.0,4.0,4.0,4.0,True,4.0,4.0
1938,57_mel1_per163060.wav,2.0,1.0,2.0,1.0,3.0,False,,
1940,65_mel1_per1430752.wav,1.0,3.0,2.0,3.0,3.0,False,,3.0
1942,62_mel1_per1609742.wav,1.0,2.0,2.0,3.0,2.0,False,,2.0
1948,510_mel1_per142858.wav,,1.0,2.0,2.0,2.0,False,,2.0
1954,53_mel2_per156060.wav,1.0,3.0,2.0,3.0,2.0,False,,
1955,66_mel2_per1728732.wav,1.0,1.0,1.0,1.0,1.0,True,1.0,1.0
1958,55_mel2_per172159.wav,4.0,4.0,4.0,4.0,3.0,False,,4.0
1969,56_mel2_per198658.wav,1.0,1.0,1.0,1.0,1.0,True,1.0,1.0
1970,57_mel2_per142659.wav,1.0,1.0,2.0,2.0,1.0,False,,1.0
1972,51_mel2_per198859.wav,1.0,2.0,1.0,2.0,1.0,False,,1.0
1975,63_mel1_per1617742.wav,1.0,2.0,2.0,2.0,1.0,False,,2.0
1991,510_mel1_per120658.wav,1.0,1.0,2.0,2.0,1.0,False,,1.0
1993,56_mel1_per195060.wav,1.0,2.0,1.0,2.0,1.0,False,,1.0
1995,53_mel2_per159060.wav,3.0,3.0,3.0,3.0,3.0,True,3.0,3.0
1996,55_mel2_per162559.wav,1.0,1.0,2.0,2.0,1.0,False,,1.0
1997,53_mel2_per156759.wav,4.0,4.0,4.0,4.0,4.0,True,4.0,4.0
2003,55_mel2_per166758.wav,3.0,4.0,4.0,4.0,3.0,False,,4.0
2005,67_mel2_per1846742.wav,1.0,1.0,2.0,1.0,1.0,False,,1.0
2007,66_mel1_per1679742.wav,1.0,1.0,1.0,1.0,1.0,True,1.0,1.0
2011,52_mel1_per181659.wav,2.0,3.0,3.0,4.0,3.0,False,,3.0
2013,54_mel1_per128658.wav,3.0,3.0,4.0,4.0,2.0,False,,
2021,55_mel1_per145559.wav,4.0,4.0,4.0,4.0,4.0,True,4.0,4.0
2023,69_mel1_per1757742.wav,1.0,1.0,2.0,2.0,2.0,False,,2.0
2026,62_mel1_per1389742.wav,2.0,3.0,2.0,3.0,3.0,False,,3.0
2029,67_mel1_per1043752.wav,1.0,1.0,2.0,2.0,2.0,False,,2.0
2031,510_mel2_per172559.wav,4.0,4.0,4.0,4.0,4.0,True,4.0,4.0
2033,63_mel1_per1272742.wav,1.0,2.0,1.0,2.0,1.0,False,,1.0
2041,54_mel1_per169060.wav,3.0,4.0,3.0,3.0,3.0,False,,3.0
2042,53_mel1_per156060.wav,3.0,,3.0,4.0,4.0,False,,
2043,51_mel1_per145095.wav,1.0,2.0,2.0,2.0,2.0,False,,2.0
2045,53_mel2_per172160.wav,1.0,2.0,2.0,2.0,2.0,False,,2.0
2047,52_mel1_per125985.wav,1.0,3.0,2.0,3.0,1.0,False,,
2051,53_mel1_per185985.wav,4.0,,4.0,4.0,4.0,True,4.0,4.0
2055,63_mel1_per1382742.wav,3.0,3.0,3.0,3.0,3.0,True,3.0,3.0
2057,53_mel2_per116160.wav,3.0,4.0,4.0,4.0,3.0,False,,4.0
2059,52_mel2_per153895.wav,1.0,1.0,1.0,2.0,1.0,False,,1.0
2081,68_mel1_per1181752.wav,1.0,1.0,1.0,1.0,1.0,True,1.0,1.0
2084,57_mel1_per132995.wav,4.0,4.0,4.0,4.0,4.0,True,4.0,4.0
2085,51_mel2_per120959.wav,2.0,3.0,2.0,3.0,2.0,False,,2.0
2090,56_mel2_per104160.wav,2.0,3.0,2.0,2.0,2.0,False,,2.0
2093,65_mel2_per1573742.wav,1.0,1.0,2.0,2.0,1.0,False,,1.0
2094,52_mel1_per164685.wav,4.0,4.0,4.0,4.0,4.0,True,4.0,4.0
2099,64_mel2_per1247742.wav,1.0,1.0,2.0,2.0,2.0,False,,2.0
2104,55_mel2_per148759.wav,2.0,2.0,2.0,2.0,2.0,True,2.0,2.0
2105,63_mel1_per1947742.wav,1.0,1.0,1.0,1.0,1.0,True,1.0,1.0
2107,58_mel2_per151060.wav,1.0,4.0,2.0,2.0,2.0,False,,2.0
2110,58_mel2_per135559.wav,1.0,1.0,2.0,1.0,1.0,False,,1.0
2112,62_mel2_per1216742.wav,4.0,1.0,1.0,2.0,1.0,False,,1.0
2114,58_mel2_per171095.wav,1.0,1.0,2.0,2.0,1.0,False,,1.0
2117,64_mel1_per1055742.wav,4.0,4.0,4.0,4.0,4.0,True,4.0,4.0
2122,62_mel1_per1872742.wav,4.0,4.0,4.0,4.0,4.0,True,4.0,4.0
2128,52_mel1_per124159.wav,4.0,4.0,4.0,4.0,4.0,True,4.0,4.0
2130,510_mel2_per148559.wav,1.0,3.0,3.0,3.0,1.0,False,,3.0
2133,510_mel2_per151759.wav,1.0,1.0,2.0,1.0,1.0,False,,1.0
2134,54_mel2_per119859.wav,1.0,1.0,1.0,1.0,1.0,True,1.0,1.0
2139,69_mel2_per1787742.wav,4.0,4.0,4.0,4.0,3.0,False,,4.0
2140,54_mel1_per122060.wav,2.0,3.0,1.0,2.0,2.0,False,,2.0
2151,66_mel2_per1338752.wav,1.0,1.0,1.0,1.0,1.0,True,1.0,1.0
2154,69_mel2_per1319742.wav,1.0,3.0,3.0,3.0,2.0,False,,3.0
2158,54_mel2_per146060.wav,4.0,1.0,1.0,2.0,1.0,False,,1.0
2164,68_mel1_per1004742.wav,2.0,2.0,3.0,2.0,2.0,False,,2.0
2165,56_mel1_per144060.wav,1.0,2.0,1.0,2.0,1.0,False,,1.0
2171,61_mel2_per1450742.wav,1.0,1.0,2.0,3.0,1.0,False,,1.0
2181,51_mel1_per120959.wav,4.0,4.0,4.0,4.0,4.0,True,4.0,4.0
2183,68_mel1_per1540742.wav,1.0,3.0,2.0,2.0,2.0,False,,2.0
2185,63_mel2_per1653742.wav,4.0,4.0,4.0,4.0,4.0,True,4.0,4.0
2190,66_mel2_per1213742.wav,1.0,1.0,1.0,2.0,1.0,False,,1.0
2201,51_mel2_per189759.wav,1.0,2.0,1.0,2.0,1.0,False,,1.0
2203,51_mel2_per186658.wav,1.0,2.0,1.0,1.0,1.0,False,,1.0
2207,52_mel1_per132685.wav,2.0,2.0,1.0,3.0,1.0,False,,
2217,63_mel1_per1634742.wav,1.0,1.0,1.0,1.0,1.0,True,1.0,1.0
2220,57_mel1_per190658.wav,3.0,4.0,3.0,3.0,3.0,False,,3.0
2232,56_mel2_per195060.wav,1.0,1.0,1.0,2.0,1.0,False,,1.0
2235,69_mel1_per1426742.wav,2.0,4.0,2.0,4.0,3.0,False,,
2236,54_mel1_per128695.wav,4.0,4.0,4.0,4.0,4.0,True,4.0,4.0
2240,56_mel1_per135759.wav,1.0,1.0,2.0,2.0,1.0,False,,1.0
2242,68_mel1_per1365742.wav,4.0,4.0,4.0,4.0,3.0,False,,4.0
2243,510_mel2_per196795.wav,1.0,1.0,2.0,2.0,1.0,False,,1.0
2245,53_mel1_per165759.wav,1.0,,1.0,1.0,1.0,True,1.0,1.0
2246,59_mel1_per113695.wav,3.0,3.0,4.0,4.0,3.0,False,,3.0
2250,55_mel1_per197885.wav,1.0,1.0,2.0,1.0,1.0,False,,1.0
2254,64_mel1_per1093742.wav,1.0,1.0,1.0,1.0,1.0,True,1.0,1.0
2257,67_mel2_per1559742.wav,1.0,1.0,1.0,2.0,1.0,False,,1.0
2258,52_mel1_per141060.wav,1.0,1.0,1.0,1.0,1.0,True,1.0,1.0
2261,57_mel2_per104259.wav,2.0,4.0,1.0,3.0,1.0,False,,
2269,67_mel2_per1393742.wav,1.0,1.0,1.0,1.0,1.0,True,1.0,1.0
2276,61_mel2_per1408752.wav,1.0,1.0,1.0,1.0,1.0,True,1.0,1.0
2285,67_mel2_per1428732.wav,1.0,1.0,1.0,2.0,1.0,False,,1.0
2288,510_mel1_per120006.wav,1.0,1.0,2.0,2.0,1.0,False,,1.0
2290,54_mel2_per122060.wav,1.0,1.0,1.0,1.0,1.0,True,1.0,1.0
2291,55_mel1_per130859.wav,3.0,3.0,4.0,4.0,2.0,False,,
2293,62_mel2_per1988742.wav,1.0,1.0,1.0,1.0,1.0,True,1.0,1.0
2301,52_mel1_per113858.wav,4.0,4.0,4.0,3.0,3.0,False,,4.0
2302,56_mel1_per112859.wav,4.0,4.0,4.0,4.0,4.0,True,4.0,4.0
2303,56_mel1_per170060.wav,1.0,1.0,1.0,1.0,1.0,True,1.0,1.0
2306,55_mel2_per138459.wav,4.0,4.0,4.0,4.0,3.0,False,,4.0
2308,55_mel2_per152958.wav,4.0,4.0,4.0,4.0,4.0,True,4.0,4.0
2314,65_mel2_per1840752.wav,2.0,3.0,3.0,3.0,3.0,False,,3.0
2319,57_mel1_per189959.wav,4.0,4.0,4.0,4.0,4.0,True,4.0,4.0
2324,54_mel2_per169060.wav,2.0,2.0,4.0,2.0,1.0,False,,2.0
2325,68_mel2_per1446742.wav,2.0,1.0,2.0,2.0,1.0,False,,2.0
2327,510_mel1_per196658.wav,4.0,4.0,4.0,4.0,4.0,True,4.0,4.0
2328,51_mel1_per172260.wav,3.0,3.0,3.0,4.0,2.0,False,,3.0
2329,67_mel2_per1700752.wav,4.0,4.0,4.0,4.0,4.0,True,4.0,4.0
2334,51_mel2_per190695.wav,1.0,2.0,1.0,3.0,1.0,False,,1.0
2343,57_mel1_per144260.wav,4.0,4.0,4.0,4.0,4.0,True,4.0,4.0
2344,53_mel2_per185985.wav,4.0,4.0,4.0,4.0,3.0,False,,4.0
2345,510_mel2_per131559.wav,2.0,1.0,2.0,2.0,2.0,False,,2.0
2348,53_mel2_per176558.wav,4.0,4.0,4.0,4.0,4.0,True,4.0,4.0
2367,510_mel1_per126859.wav,1.0,1.0,2.0,1.0,1.0,False,,1.0
2369,62_mel2_per1329742.wav,1.0,1.0,1.0,1.0,1.0,True,1.0,1.0
2388,58_mel1_per180160.wav,4.0,4.0,4.0,4.0,4.0,True,4.0,4.0
2394,510_mel2_per123758.wav,4.0,4.0,4.0,3.0,3.0,False,,4.0
2399,52_mel1_per153895.wav,1.0,1.0,2.0,1.0,2.0,False,,1.0
2401,54_mel1_per119859.wav,2.0,3.0,2.0,1.0,1.0,False,,
2403,51_mel1_per154260.wav,2.0,2.0,2.0,3.0,2.0,False,,2.0
2404,52_mel1_per171659.wav,4.0,4.0,4.0,4.0,4.0,True,4.0,4.0
2405,67_mel1_per1184752.wav,1.0,3.0,2.0,3.0,1.0,False,,
2406,510_mel1_per109558.wav,1.0,1.0,2.0,1.0,1.0,False,,1.0
2408,57_mel2_per147858.wav,1.0,2.0,2.0,2.0,2.0,False,,2.0
2409,51_mel2_per154160.wav,2.0,3.0,2.0,4.0,2.0,False,,2.0
2412,51_mel1_per183959.wav,4.0,4.0,4.0,4.0,4.0,True,4.0,4.0
2417,64_mel2_per1093742.wav,1.0,4.0,2.0,2.0,2.0,False,,2.0
2420,63_mel1_per1782742.wav,4.0,4.0,4.0,4.0,4.0,True,4.0,4.0
2423,52_mel1_per152658.wav,2.0,1.0,2.0,3.0,1.0,False,,
2428,65_mel2_per1983742.wav,1.0,1.0,1.0,1.0,1.0,True,1.0,1.0
2429,64_mel2_per1023742.wav,1.0,1.0,1.0,1.0,1.0,True,1.0,1.0
2433,66_mel1_per1873742.wav,1.0,1.0,2.0,2.0,2.0,False,,2.0
2434,51_mel2_per150859.wav,4.0,4.0,4.0,4.0,4.0,True,4.0,4.0
2438,55_mel1_per136759.wav,4.0,4.0,4.0,4.0,4.0,True,4.0,4.0
2440,52_mel1_per148858.wav,4.0,4.0,4.0,4.0,4.0,True,4.0,4.0
2445,57_mel2_per177658.wav,1.0,1.0,1.0,1.0,1.0,True,1.0,1.0
2446,510_mel2_per126859.wav,1.0,1.0,1.0,1.0,1.0,True,1.0,1.0
2451,510_mel1_per130459.wav,1.0,2.0,1.0,2.0,2.0,False,,2.0
2456,51_mel1_per158859.wav,4.0,4.0,4.0,4.0,4.0,True,4.0,4.0
2459,68_mel2_per1910742.wav,1.0,1.0,1.0,1.0,1.0,True,1.0,1.0
2463,54_mel1_per140160.wav,1.0,1.0,1.0,1.0,1.0,True,1.0,1.0
2469,63_mel1_per1378742.wav,4.0,4.0,4.0,4.0,4.0,True,4.0,4.0
2472,66_mel1_per1728732.wav,2.0,2.0,4.0,3.0,2.0,False,,2.0
2476,67_mel1_per1374742.wav,4.0,4.0,4.0,4.0,4.0,True,4.0,4.0
2477,64_mel2_per1568742.wav,4.0,4.0,4.0,4.0,4.0,True,4.0,4.0
2478,68_mel1_per1680752.wav,4.0,4.0,4.0,4.0,3.0,False,,4.0
2487,53_mel1_per187959.wav,4.0,,4.0,4.0,4.0,True,4.0,4.0
2494,55_mel2_per198758.wav,4.0,4.0,4.0,4.0,4.0,True,4.0,4.0
2499,510_mel2_per119160.wav,1.0,3.0,3.0,3.0,1.0,False,,3.0
2504,55_mel2_per164759.wav,4.0,4.0,4.0,4.0,4.0,True,4.0,4.0
2508,51_mel2_per108959.wav,3.0,4.0,2.0,4.0,3.0,False,,
2511,51_mel2_per121060.wav,1.0,1.0,1.0,1.0,1.0,True,1.0,1.0
2513,58_mel2_per180859.wav,1.0,1.0,1.0,2.0,1.0,False,,1.0
2518,68_mel2_per1283742.wav,1.0,1.0,1.0,1.0,1.0,True,1.0,1.0
2520,66_mel2_per1188742.wav,1.0,1.0,2.0,2.0,1.0,False,,1.0
2525,56_mel2_per105160.wav,1.0,1.0,1.0,1.0,1.0,True,1.0,1.0
2527,63_mel2_per1272742.wav,1.0,1.0,1.0,1.0,1.0,True,1.0,1.0
2530,65_mel1_per1863742.wav,1.0,1.0,1.0,1.0,1.0,True,1.0,1.0
2533,62_mel2_per1838752.wav,3.0,4.0,2.0,4.0,3.0,False,,
2535,54_mel1_per128758.wav,4.0,4.0,4.0,4.0,4.0,True,4.0,4.0
2536,68_mel2_per1540742.wav,1.0,1.0,1.0,1.0,1.0,True,1.0,1.0
2537,55_mel1_per172159.wav,4.0,4.0,4.0,4.0,4.0,True,4.0,4.0
2539,51_mel1_per108959.wav,4.0,4.0,4.0,4.0,4.0,True,4.0,4.0
2544,66_mel1_per1397752.wav,2.0,3.0,2.0,3.0,3.0,False,,3.0
2546,67_mel1_per1134742.wav,1.0,1.0,1.0,3.0,3.0,False,,1.0
2550,68_mel1_per1446742.wav,4.0,4.0,4.0,4.0,4.0,True,4.0,4.0
2557,61_mel1_per1629742.wav,2.0,3.0,2.0,3.0,3.0,False,,3.0
2560,66_mel1_per1387742.wav,4.0,4.0,4.0,4.0,4.0,True,4.0,4.0
2564,57_mel2_per176759.wav,1.0,2.0,2.0,1.0,1.0,False,,1.0
2570,63_mel2_per1378742.wav,4.0,4.0,4.0,4.0,4.0,True,4.0,4.0
2573,65_mel2_per1062742.wav,1.0,3.0,2.0,3.0,1.0,False,,
2574,52_mel2_per113858.wav,1.0,3.0,1.0,1.0,1.0,False,,1.0
2576,62_mel1_per1458732.wav,4.0,4.0,4.0,4.0,3.0,False,,4.0
2583,53_mel2_per187859.wav,2.0,3.0,3.0,4.0,3.0,False,,3.0
2586,56_mel1_per142959.wav,1.0,1.0,1.0,1.0,1.0,True,1.0,1.0
2592,65_mel2_per1430752.wav,1.0,1.0,1.0,1.0,1.0,True,1.0,1.0
2599,55_mel1_per132060.wav,1.0,2.0,2.0,3.0,1.0,False,,
2605,65_mel1_per1500752.wav,1.0,1.0,1.0,1.0,1.0,True,1.0,1.0
2608,610_mel2_per1373742.wav,1.0,1.0,2.0,2.0,1.0,False,,1.0
2610,56_mel1_per104160.wav,1.0,1.0,2.0,2.0,1.0,False,,1.0
2617,66_mel2_per1735742.wav,1.0,1.0,1.0,1.0,1.0,True,1.0,1.0
2620,58_mel1_per171095.wav,4.0,4.0,4.0,4.0,4.0,True,4.0,4.0
2621,69_mel1_per1445742.wav,4.0,4.0,4.0,4.0,4.0,True,4.0,4.0
2622,51_mel2_per166060.wav,1.0,3.0,1.0,2.0,1.0,False,,1.0
2624,56_mel1_per110759.wav,1.0,1.0,1.0,1.0,1.0,True,1.0,1.0
2632,54_mel2_per149859.wav,1.0,2.0,1.0,2.0,2.0,False,,2.0
2641,58_mel2_per175685.wav,4.0,4.0,3.0,4.0,4.0,False,,4.0
2649,53_mel2_per183659.wav,1.0,2.0,2.0,2.0,1.0,False,,2.0
2652,54_mel1_per146959.wav,4.0,4.0,4.0,4.0,4.0,True,4.0,4.0
2656,52_mel1_per151985.wav,2.0,3.0,2.0,3.0,3.0,False,,3.0
2659,510_mel2_per124160.wav,1.0,1.0,1.0,1.0,1.0,True,1.0,1.0
2660,56_mel1_per102758.wav,2.0,3.0,3.0,2.0,2.0,False,,2.0
2664,64_mel1_per1568742.wav,4.0,4.0,4.0,4.0,4.0,True,4.0,4.0
2669,55_mel1_per162559.wav,1.0,1.0,1.0,1.0,2.0,False,,1.0
2671,55_mel2_per118758.wav,4.0,4.0,4.0,4.0,3.0,False,,4.0
2673,51_mel2_per154260.wav,2.0,3.0,2.0,3.0,3.0,False,,3.0
2685,65_mel2_per1509742.wav,1.0,1.0,1.0,2.0,1.0,False,,1.0
2690,63_mel2_per1809742.wav,4.0,4.0,4.0,4.0,3.0,False,,4.0
2691,66_mel1_per1823742.wav,4.0,4.0,4.0,4.0,4.0,True,4.0,4.0
2693,510_mel2_per112658.wav,1.0,1.0,1.0,1.0,1.0,True,1.0,1.0
2695,56_mel2_per163160.wav,3.0,3.0,3.0,3.0,3.0,True,3.0,3.0
2696,66_mel2_per1459742.wav,1.0,1.0,1.0,1.0,1.0,True,1.0,1.0
2697,64_mel2_per1779742.wav,1.0,1.0,2.0,2.0,1.0,False,,1.0
2699,510_mel1_per127795.wav,,2.0,2.0,3.0,2.0,False,,2.0
2705,52_mel2_per147659.wav,2.0,2.0,2.0,2.0,1.0,False,,2.0
2708,56_mel2_per178959.wav,1.0,2.0,2.0,2.0,2.0,False,,2.0
2709,56_mel2_per127959.wav,1.0,1.0,1.0,2.0,1.0,False,,1.0
2712,510_mel1_per119160.wav,1.0,1.0,1.0,2.0,1.0,False,,1.0
2713,68_mel2_per1235742.wav,1.0,1.0,1.0,1.0,1.0,True,1.0,1.0
2714,68_mel2_per1195742.wav,4.0,3.0,4.0,3.0,3.0,False,,3.0
2717,65_mel2_per1074742.wav,1.0,1.0,1.0,1.0,1.0,True,1.0,1.0
2723,63_mel1_per1176742.wav,4.0,4.0,4.0,4.0,4.0,True,4.0,4.0
2727,67_mel1_per1428732.wav,1.0,4.0,2.0,4.0,3.0,False,,
2728,63_mel1_per1495742.wav,1.0,2.0,2.0,3.0,2.0,False,,2.0
2729,52_mel1_per173459.wav,4.0,4.0,4.0,4.0,4.0,True,4.0,4.0
2738,52_mel1_per188359.wav,4.0,4.0,4.0,4.0,4.0,True,4.0,4.0
2740,53_mel1_per149558.wav,4.0,,4.0,4.0,4.0,True,4.0,4.0
2748,68_mel2_per1565742.wav,1.0,1.0,1.0,1.0,1.0,True,1.0,1.0
2750,55_mel1_per167160.wav,4.0,4.0,3.0,4.0,3.0,False,,4.0
2766,510_mel1_per119559.wav,1.0,1.0,1.0,1.0,1.0,True,1.0,1.0
2768,68_mel2_per1938752.wav,1.0,1.0,2.0,2.0,2.0,False,,2.0
2779,510_mel2_per126795.wav,1.0,1.0,2.0,2.0,1.0,False,,1.0
2781,66_mel1_per1238752.wav,1.0,1.0,1.0,1.0,1.0,True,1.0,1.0
2784,51_mel1_per151259.wav,4.0,4.0,4.0,4.0,4.0,True,4.0,4.0
2785,510_mel2_per129859.wav,1.0,3.0,2.0,2.0,1.0,False,,
2793,61_mel2_per1920762.wav,1.0,1.0,1.0,1.0,1.0,True,1.0,1.0
2795,63_mel2_per1617742.wav,2.0,3.0,2.0,2.0,3.0,False,,2.0
2797,610_mel1_per1915742.wav,4.0,4.0,4.0,4.0,4.0,True,4.0,4.0
2801,56_mel1_per167758.wav,1.0,3.0,2.0,2.0,3.0,False,,
2803,63_mel1_per1718742.wav,1.0,3.0,1.0,2.0,1.0,False,,1.0
2806,61_mel1_per1450742.wav,2.0,2.0,2.0,3.0,3.0,False,,2.0
2815,56_mel1_per122759.wav,2.0,3.0,3.0,2.0,3.0,False,,3.0
2820,64_mel2_per1664742.wav,1.0,1.0,2.0,2.0,1.0,False,,1.0
2822,69_mel1_per1287742.wav,1.0,1.0,1.0,1.0,1.0,True,1.0,1.0
2827,59_mel1_per100685.wav,1.0,1.0,1.0,1.0,2.0,False,,1.0
2830,68_mel2_per1972742.wav,3.0,4.0,3.0,4.0,3.0,False,,3.0
2835,68_mel2_per1651742.wav,1.0,1.0,2.0,2.0,1.0,False,,1.0
2838,68_mel2_per1435742.wav,1.0,1.0,1.0,1.0,1.0,True,1.0,1.0
2842,63_mel2_per1288732.wav,1.0,1.0,1.0,1.0,1.0,True,1.0,1.0
2850,52_mel2_per124159.wav,3.0,4.0,3.0,4.0,3.0,False,,3.0
2853,63_mel1_per1106742.wav,1.0,1.0,1.0,1.0,1.0,True,1.0,1.0
2864,53_mel1_per135059.wav,4.0,,4.0,3.0,3.0,False,,
2872,63_mel1_per1924742.wav,4.0,4.0,4.0,4.0,3.0,False,,4.0
2879,58_mel1_per135559.wav,2.0,1.0,1.0,1.0,2.0,False,,1.0
2882,52_mel2_per151985.wav,1.0,1.0,2.0,1.0,1.0,False,,1.0
2884,65_mel2_per1752742.wav,1.0,1.0,1.0,1.0,1.0,True,1.0,1.0
2891,57_mel1_per109659.wav,2.0,1.0,2.0,1.0,1.0,False,,1.0
2893,68_mel2_per1479742.wav,1.0,2.0,3.0,3.0,2.0,False,,
2896,52_mel1_per145859.wav,2.0,3.0,3.0,2.0,2.0,False,,2.0
2904,51_mel2_per166260.wav,1.0,1.0,1.0,1.0,1.0,True,1.0,1.0
2905,510_mel1_per172559.wav,4.0,4.0,4.0,4.0,4.0,True,4.0,4.0
2909,69_mel1_per1154742.wav,3.0,4.0,3.0,4.0,3.0,False,,3.0
2910,52_mel2_per123858.wav,1.0,1.0,2.0,2.0,1.0,False,,1.0
2912,65_mel1_per1392742.wav,1.0,2.0,1.0,3.0,3.0,False,,
2917,58_mel1_per179060.wav,2.0,1.0,3.0,3.0,3.0,False,,3.0
2926,55_mel1_per180758.wav,4.0,4.0,4.0,4.0,4.0,True,4.0,4.0
2928,64_mel2_per1990752.wav,1.0,1.0,1.0,1.0,1.0,True,1.0,1.0
2929,68_mel1_per1283742.wav,3.0,3.0,3.0,4.0,3.0,False,,3.0
2930,66_mel1_per1375742.wav,4.0,3.0,4.0,3.0,4.0,False,,4.0
2933,52_mel2_per171659.wav,1.0,3.0,1.0,2.0,2.0,False,,
2934,610_mel2_per1699742.wav,2.0,3.0,1.0,2.0,3.0,False,,
2940,66_mel2_per1806742.wav,1.0,1.0,2.0,2.0,2.0,False,,2.0
2943,610_mel2_per1915742.wav,4.0,4.0,4.0,4.0,3.0,False,,4.0
2946,59_mel1_per110459.wav,1.0,3.0,3.0,3.0,3.0,False,,3.0
2949,61_mel2_per1616742.wav,1.0,1.0,1.0,1.0,1.0,True,1.0,1.0
2951,54_mel1_per108659.wav,2.0,3.0,2.0,3.0,2.0,False,,2.0
2952,54_mel2_per147559.wav,4.0,3.0,2.0,2.0,2.0,False,,2.0
2953,63_mel2_per1029742.wav,1.0,1.0,1.0,1.0,2.0,False,,1.0
2956,56_mel2_per138759.wav,1.0,3.0,1.0,3.0,2.0,False,,
2957,52_mel2_per120659.wav,1.0,1.0,1.0,1.0,1.0,True,1.0,1.0
2958,610_mel2_per1997742.wav,1.0,1.0,1.0,1.0,1.0,True,1.0,1.0
2959,56_mel1_per163160.wav,1.0,1.0,1.0,2.0,1.0,False,,1.0
2962,51_mel2_per158859.wav,2.0,4.0,2.0,3.0,1.0,False,,
2963,54_mel2_per146959.wav,2.0,3.0,3.0,3.0,3.0,False,,3.0
2968,51_mel2_per127160.wav,1.0,2.0,1.0,2.0,2.0,False,,2.0
2969,610_mel2_per1399742.wav,1.0,3.0,2.0,4.0,2.0,False,,
2973,56_mel1_per118060.wav,1.0,2.0,2.0,3.0,2.0,False,,2.0
2977,67_mel1_per1562742.wav,1.0,3.0,2.0,2.0,2.0,False,,2.0
2979,510_mel2_per127795.wav,1.0,1.0,1.0,1.0,1.0,True,1.0,1.0
2982,68_mel1_per1651742.wav,1.0,3.0,2.0,3.0,3.0,False,,3.0
2986,55_mel1_per138459.wav,4.0,4.0,4.0,4.0,4.0,True,4.0,4.0
2994,64_mel1_per1985742.wav,4.0,4.0,4.0,4.0,4.0,True,4.0,4.0
2996,67_mel2_per1939742.wav,1.0,1.0,1.0,2.0,1.0,False,,1.0
3000,51_mel2_per116658.wav,3.0,4.0,2.0,4.0,3.0,False,,
3005,61_mel1_per1920762.wav,1.0,2.0,2.0,2.0,2.0,False,,2.0
3007,68_mel2_per1680752.wav,3.0,4.0,4.0,4.0,3.0,False,,4.0
3012,69_mel2_per1426742.wav,1.0,2.0,2.0,2.0,2.0,False,,2.0
3020,51_mel1_per154160.wav,4.0,4.0,4.0,4.0,4.0,True,4.0,4.0
3023,56_mel1_per181159.wav,1.0,1.0,1.0,1.0,1.0,True,1.0,1.0
3031,68_mel1_per1235742.wav,1.0,1.0,1.0,1.0,1.0,True,1.0,1.0
3033,63_mel1_per1481742.wav,1.0,4.0,2.0,3.0,3.0,False,,
3035,67_mel1_per1838732.wav,1.0,1.0,2.0,2.0,2.0,False,,2.0
3040,67_mel2_per1913742.wav,2.0,1.0,1.0,2.0,1.0,False,,1.0
3042,68_mel1_per1910742.wav,2.0,3.0,2.0,2.0,2.0,False,,2.0
3045,53_mel1_per154895.wav,4.0,,4.0,4.0,4.0,True,4.0,4.0
3047,64_mel2_per1548732.wav,1.0,2.0,2.0,2.0,2.0,False,,2.0
3049,53_mel1_per116160.wav,4.0,,4.0,4.0,4.0,True,4.0,4.0
3050,57_mel1_per176759.wav,3.0,3.0,3.0,3.0,3.0,True,3.0,3.0
3054,52_mel1_per185006.wav,4.0,4.0,4.0,4.0,4.0,True,4.0,4.0
3057,63_mel2_per1947742.wav,1.0,1.0,1.0,1.0,1.0,True,1.0,1.0
3059,54_mel2_per161858.wav,1.0,1.0,1.0,1.0,1.0,True,1.0,1.0
3066,510_mel2_per141759.wav,1.0,1.0,2.0,2.0,1.0,False,,1.0
3068,54_mel1_per177559.wav,3.0,4.0,4.0,4.0,3.0,False,,4.0
3074,61_mel1_per1903742.wav,1.0,1.0,2.0,2.0,2.0,False,,2.0
3075,56_mel2_per177659.wav,4.0,4.0,4.0,4.0,4.0,True,4.0,4.0
3078,69_mel1_per1132742.wav,1.0,1.0,1.0,1.0,1.0,True,1.0,1.0
3084,56_mel1_per177659.wav,3.0,3.0,4.0,4.0,3.0,False,,3.0
3087,62_mel1_per1329742.wav,2.0,3.0,3.0,4.0,3.0,False,,3.0
3088,67_mel2_per1548742.wav,4.0,4.0,4.0,4.0,3.0,False,,4.0
3090,510_mel2_per112958.wav,1.0,2.0,2.0,2.0,3.0,False,,2.0
3092,59_mel1_per129295.wav,4.0,3.0,4.0,4.0,3.0,False,,4.0
3095,64_mel2_per1453742.wav,4.0,3.0,4.0,4.0,3.0,False,,4.0
3097,65_mel1_per1509742.wav,1.0,1.0,1.0,1.0,1.0,True,1.0,1.0
3101,66_mel1_per1806742.wav,1.0,1.0,1.0,2.0,1.0,False,,1.0
3103,66_mel1_per1459742.wav,1.0,1.0,1.0,1.0,2.0,False,,1.0
3115,63_mel2_per1304742.wav,1.0,1.0,1.0,1.0,1.0,True,1.0,1.0
3117,55_mel2_per114958.wav,3.0,4.0,2.0,3.0,3.0,False,,3.0
3119,63_mel1_per1203742.wav,3.0,3.0,2.0,4.0,3.0,False,,3.0
3121,57_mel1_per161959.wav,1.0,2.0,2.0,3.0,3.0,False,,
3122,63_mel2_per1106742.wav,4.0,4.0,4.0,4.0,4.0,True,4.0,4.0
3133,54_mel1_per133959.wav,1.0,1.0,1.0,1.0,1.0,True,1.0,1.0
3136,53_mel2_per116558.wav,4.0,3.0,4.0,4.0,4.0,False,,4.0
3137,69_mel2_per1360752.wav,1.0,1.0,2.0,1.0,1.0,False,,1.0
3138,53_mel2_per135059.wav,1.0,2.0,2.0,2.0,3.0,False,,2.0
3144,53_mel2_per145659.wav,4.0,4.0,4.0,4.0,3.0,False,,4.0
3145,58_mel2_per110060.wav,1.0,1.0,1.0,1.0,1.0,True,1.0,1.0
3148,57_mel1_per175958.wav,4.0,4.0,4.0,4.0,4.0,True,4.0,4.0
3151,52_mel1_per121160.wav,1.0,2.0,1.0,2.0,1.0,False,,1.0
3152,56_mel2_per132759.wav,4.0,4.0,4.0,4.0,4.0,True,4.0,4.0
3155,65_mel2_per1113742.wav,1.0,1.0,2.0,2.0,2.0,False,,2.0
3163,61_mel2_per1193742.wav,2.0,2.0,2.0,3.0,1.0,False,,2.0
3169,67_mel1_per1019732.wav,1.0,3.0,2.0,2.0,2.0,False,,2.0
3172,69_mel1_per1319742.wav,1.0,2.0,2.0,2.0,2.0,False,,2.0
3175,63_mel2_per1382742.wav,1.0,3.0,2.0,2.0,1.0,False,,
3176,55_mel1_per147758.wav,1.0,1.0,2.0,2.0,1.0,False,,1.0
3180,58_mel2_per153995.wav,4.0,4.0,4.0,4.0,3.0,False,,4.0
3185,58_mel1_per169759.wav,1.0,1.0,2.0,1.0,1.0,False,,1.0
3187,510_mel1_per155758.wav,,1.0,2.0,2.0,1.0,False,,
3188,52_mel1_per192658.wav,4.0,4.0,4.0,4.0,3.0,False,,4.0
3192,65_mel2_per1500752.wav,1.0,1.0,1.0,1.0,1.0,True,1.0,1.0
3198,52_mel2_per145859.wav,1.0,1.0,1.0,1.0,1.0,True,1.0,1.0
3200,52_mel2_per141060.wav,1.0,1.0,1.0,2.0,1.0,False,,1.0
3214,69_mel2_per1821742.wav,2.0,4.0,2.0,3.0,2.0,False,,2.0
3226,58_mel2_per124259.wav,1.0,1.0,2.0,1.0,2.0,False,,1.0
3231,51_mel1_per116658.wav,3.0,3.0,4.0,4.0,4.0,False,,4.0
3235,67_mel1_per1198742.wav,2.0,2.0,2.0,2.0,3.0,False,,2.0
3236,65_mel1_per1928732.wav,4.0,4.0,4.0,4.0,4.0,True,4.0,4.0
3238,53_mel1_per156758.wav,4.0,,4.0,4.0,4.0,True,4.0,4.0
3239,54_mel1_per147559.wav,2.0,4.0,2.0,2.0,1.0,False,,2.0
3241,52_mel2_per160359.wav,1.0,1.0,1.0,1.0,1.0,True,1.0,1.0
3245,63_mel1_per1294742.wav,4.0,4.0,4.0,4.0,4.0,True,4.0,4.0
3246,61_mel2_per1682742.wav,1.0,1.0,1.0,1.0,1.0,True,1.0,1.0
3249,57_mel1_per147858.wav,2.0,1.0,2.0,2.0,1.0,False,,2.0
3250,53_mel2_per187959.wav,3.0,4.0,3.0,3.0,3.0,False,,3.0
3253,59_mel1_per137559.wav,1.0,1.0,1.0,1.0,1.0,True,1.0,1.0
3266,51_mel2_per148060.wav,1.0,2.0,1.0,2.0,1.0,False,,1.0
3267,58_mel1_per124259.wav,1.0,1.0,1.0,2.0,1.0,False,,1.0
3270,57_mel1_per105758.wav,4.0,4.0,4.0,4.0,4.0,True,4.0,4.0
3271,56_mel1_per115858.wav,1.0,1.0,1.0,2.0,2.0,False,,1.0
3275,55_mel1_per127558.wav,4.0,4.0,4.0,4.0,3.0,False,,4.0
3283,610_mel1_per1109742.wav,1.0,1.0,1.0,1.0,3.0,False,,1.0
3292,51_mel2_per129959.wav,2.0,4.0,2.0,4.0,2.0,False,,2.0
3294,52_mel2_per173459.wav,2.0,3.0,3.0,4.0,2.0,False,,
3296,52_mel2_per185858.wav,3.0,4.0,4.0,4.0,3.0,False,,4.0
3303,51_mel2_per101559.wav,2.0,3.0,1.0,3.0,2.0,False,,
3308,58_mel1_per153995.wav,1.0,3.0,2.0,2.0,2.0,False,,2.0
3314,510_mel2_per148959.wav,1.0,2.0,2.0,2.0,2.0,False,,2.0
3316,58_mel1_per183859.wav,1.0,1.0,2.0,2.0,1.0,False,,1.0
3318,67_mel1_per1177752.wav,1.0,3.0,3.0,3.0,3.0,False,,3.0
3321,69_mel2_per1757742.wav,2.0,1.0,2.0,2.0,1.0,False,,2.0
3328,56_mel1_per129658.wav,4.0,4.0,4.0,4.0,4.0,True,4.0,4.0
3334,58_mel1_per112160.wav,4.0,4.0,4.0,4.0,4.0,True,4.0,4.0
3336,62_mel2_per1778742.wav,1.0,1.0,1.0,2.0,1.0,False,,1.0
3338,53_mel2_per147558.wav,4.0,4.0,4.0,4.0,3.0,False,,4.0
3340,61_mel1_per1878742.wav,2.0,3.0,3.0,2.0,2.0,False,,2.0
3356,62_mel2_per1407742.wav,2.0,4.0,3.0,4.0,3.0,False,,
3362,510_mel1_per119060.wav,1.0,1.0,1.0,2.0,1.0,False,,1.0
3366,67_mel1_per1917752.wav,4.0,4.0,4.0,4.0,4.0,True,4.0,4.0
3367,59_mel1_per177259.wav,1.0,1.0,1.0,1.0,1.0,True,1.0,1.0
3368,63_mel2_per1572742.wav,2.0,3.0,2.0,3.0,2.0,False,,2.0
3370,53_mel1_per108658.wav,1.0,,1.0,1.0,1.0,True,1.0,1.0
3372,55_mel2_per145559.wav,4.0,4.0,4.0,4.0,4.0,True,4.0,4.0
3379,58_mel2_per130060.wav,1.0,1.0,1.0,1.0,1.0,True,1.0,1.0
3382,63_mel2_per1294742.wav,4.0,4.0,4.0,4.0,4.0,True,4.0,4.0
3384,59_mel1_per125558.wav,4.0,4.0,4.0,4.0,4.0,True,4.0,4.0
3385,51_mel1_per129959.wav,4.0,4.0,4.0,4.0,3.0,False,,4.0
3387,67_mel1_per1937742.wav,1.0,1.0,1.0,2.0,1.0,False,,1.0
3390,51_mel2_per138160.wav,1.0,2.0,1.0,2.0,1.0,False,,1.0
3393,59_mel1_per115060.wav,4.0,4.0,4.0,4.0,3.0,False,,4.0
3394,66_mel2_per1238752.wav,1.0,1.0,1.0,1.0,1.0,True,1.0,1.0
3397,66_mel1_per1534742.wav,4.0,4.0,4.0,4.0,4.0,True,4.0,4.0
3403,57_mel2_per139558.wav,1.0,1.0,1.0,1.0,1.0,True,1.0,1.0
3406,69_mel2_per1445742.wav,2.0,3.0,3.0,3.0,2.0,False,,3.0
3412,58_mel2_per163859.wav,2.0,4.0,3.0,3.0,3.0,False,,3.0
3414,62_mel1_per1144742.wav,1.0,3.0,2.0,2.0,2.0,False,,2.0
3416,59_mel1_per169595.wav,3.0,3.0,3.0,3.0,3.0,True,3.0,3.0
3420,56_mel2_per161060.wav,1.0,1.0,1.0,1.0,1.0,True,1.0,1.0
3423,67_mel2_per1043752.wav,1.0,1.0,1.0,1.0,1.0,True,1.0,1.0
3428,68_mel2_per1199742.wav,1.0,1.0,2.0,1.0,1.0,False,,1.0
3432,52_mel1_per131658.wav,4.0,4.0,4.0,4.0,4.0,True,4.0,4.0
3433,69_mel1_per1423742.wav,4.0,4.0,4.0,4.0,4.0,True,4.0,4.0
3439,56_mel1_per148659.wav,4.0,4.0,4.0,4.0,4.0,True,4.0,4.0
3442,51_mel1_per163559.wav,4.0,4.0,3.0,4.0,2.0,False,,4.0
3443,55_mel2_per176559.wav,2.0,2.0,3.0,2.0,2.0,False,,2.0
3445,65_mel1_per1725742.wav,4.0,4.0,4.0,4.0,4.0,True,4.0,4.0
3455,55_mel1_per127859.wav,4.0,4.0,4.0,4.0,4.0,True,4.0,4.0
3456,63_mel2_per1379742.wav,1.0,2.0,2.0,2.0,1.0,False,,2.0
3458,67_mel1_per1588732.wav,4.0,4.0,4.0,4.0,3.0,False,,4.0
3464,62_mel2_per1849752.wav,3.0,4.0,3.0,4.0,3.0,False,,3.0
3467,57_mel1_per142659.wav,4.0,4.0,4.0,4.0,4.0,True,4.0,4.0
3468,52_mel1_per119659.wav,4.0,4.0,4.0,4.0,4.0,True,4.0,4.0
3469,64_mel1_per1199732.wav,1.0,1.0,3.0,2.0,2.0,False,,
3473,65_mel1_per1983742.wav,1.0,3.0,2.0,2.0,2.0,False,,2.0
3474,69_mel2_per1132742.wav,1.0,1.0,1.0,2.0,1.0,False,,1.0
3477,57_mel2_per124658.wav,4.0,4.0,4.0,4.0,3.0,False,,4.0
3490,62_mel1_per1988742.wav,1.0,1.0,1.0,1.0,1.0,True,1.0,1.0
3493,51_mel1_per106160.wav,3.0,4.0,4.0,4.0,4.0,False,,4.0
3513,55_mel2_per167160.wav,3.0,4.0,4.0,4.0,3.0,False,,4.0
3515,56_mel2_per162295.wav,1.0,1.0,1.0,1.0,1.0,True,1.0,1.0
3518,65_mel1_per1855742.wav,1.0,3.0,1.0,3.0,3.0,False,,3.0
3524,61_mel2_per1629742.wav,1.0,1.0,1.0,2.0,1.0,False,,1.0
3529,54_mel2_per177559.wav,4.0,4.0,4.0,4.0,4.0,True,4.0,4.0
3535,59_mel1_per175659.wav,1.0,1.0,1.0,1.0,1.0,True,1.0,1.0
3536,57_mel1_per151859.wav,4.0,4.0,4.0,4.0,4.0,True,4.0,4.0
3537,55_mel2_per115260.wav,1.0,1.0,1.0,1.0,2.0,False,,1.0
3539,54_mel1_per146060.wav,1.0,2.0,2.0,3.0,1.0,False,,
3540,52_mel2_per141859.wav,1.0,2.0,2.0,2.0,1.0,False,,2.0
3542,51_mel1_per152859.wav,1.0,2.0,3.0,1.0,2.0,False,,
3549,59_mel1_per195459.wav,4.0,4.0,4.0,4.0,3.0,False,,4.0
3551,58_mel2_per179060.wav,2.0,1.0,2.0,2.0,1.0,False,,2.0
3559,56_mel2_per170060.wav,1.0,1.0,1.0,1.0,1.0,True,1.0,1.0
3561,55_mel1_per114958.wav,4.0,4.0,4.0,4.0,3.0,False,,4.0
3568,64_mel1_per1247742.wav,1.0,1.0,2.0,1.0,1.0,False,,1.0
3570,510_mel2_per130459.wav,1.0,1.0,1.0,1.0,1.0,True,1.0,1.0
3571,55_mel1_per104060.wav,4.0,4.0,4.0,4.0,4.0,True,4.0,4.0
3576,610_mel2_per1403742.wav,1.0,2.0,1.0,2.0,1.0,False,,1.0
3581,62_mel2_per1609742.wav,1.0,1.0,2.0,3.0,1.0,False,,1.0
3582,510_mel1_per110758.wav,1.0,1.0,2.0,1.0,1.0,False,,1.0
3587,57_mel1_per139559.wav,4.0,4.0,4.0,4.0,4.0,True,4.0,4.0
3591,52_mel2_per164685.wav,1.0,1.0,2.0,2.0,1.0,False,,1.0
3593,63_mel2_per1366742.wav,1.0,1.0,2.0,2.0,2.0,False,,2.0
3596,56_mel1_per196959.wav,1.0,2.0,2.0,2.0,2.0,False,,2.0
3601,57_mel1_per115160.wav,4.0,4.0,4.0,4.0,4.0,True,4.0,4.0
3602,65_mel1_per1328742.wav,1.0,3.0,3.0,3.0,3.0,False,,3.0
3603,55_mel2_per180758.wav,4.0,4.0,4.0,4.0,4.0,True,4.0,4.0
3604,56_mel1_per162295.wav,1.0,3.0,2.0,3.0,1.0,False,,
3605,55_mel1_per105559.wav,4.0,4.0,4.0,4.0,4.0,True,4.0,4.0
3611,62_mel1_per1270752.wav,4.0,4.0,4.0,4.0,4.0,True,4.0,4.0
3613,57_mel2_per151659.wav,2.0,4.0,3.0,3.0,2.0,False,,
3614,55_mel1_per136495.wav,2.0,1.0,2.0,1.0,2.0,False,,2.0
3620,59_mel1_per107759.wav,4.0,4.0,4.0,4.0,4.0,True,4.0,4.0
3622,610_mel1_per1997742.wav,1.0,1.0,1.0,1.0,1.0,True,1.0,1.0
3624,56_mel2_per118060.wav,1.0,1.0,1.0,1.0,1.0,True,1.0,1.0
3629,54_mel2_per108659.wav,2.0,2.0,2.0,2.0,1.0,False,,2.0
3633,510_mel1_per154659.wav,2.0,3.0,3.0,2.0,3.0,False,,3.0
3644,53_mel2_per152659.wav,1.0,1.0,2.0,1.0,1.0,False,,1.0
3651,52_mel2_per141958.wav,1.0,1.0,1.0,1.0,1.0,True,1.0,1.0
3654,510_mel2_per124759.wav,1.0,3.0,2.0,2.0,1.0,False,,
3657,69_mel2_per1207742.wav,1.0,3.0,3.0,2.0,2.0,False,,
3662,53_mel2_per115558.wav,1.0,3.0,1.0,2.0,3.0,False,,
3664,53_mel1_per176060.wav,2.0,,3.0,4.0,1.0,False,,
3666,69_mel2_per1209742.wav,1.0,1.0,1.0,1.0,1.0,True,1.0,1.0
3668,510_mel2_per104558.wav,1.0,3.0,3.0,3.0,2.0,False,,3.0
3671,510_mel2_per126559.wav,1.0,1.0,1.0,2.0,1.0,False,,1.0
3672,51_mel2_per102585.wav,1.0,2.0,2.0,2.0,1.0,False,,2.0
3675,66_mel2_per1534742.wav,1.0,1.0,1.0,1.0,1.0,True,1.0,1.0
3679,61_mel1_per1408752.wav,1.0,1.0,1.0,1.0,1.0,True,1.0,1.0
3692,64_mel2_per1199732.wav,2.0,3.0,3.0,3.0,3.0,False,,3.0
3695,55_mel1_per198758.wav,4.0,4.0,4.0,4.0,4.0,True,4.0,4.0
3696,62_mel2_per1828732.wav,4.0,4.0,4.0,4.0,4.0,True,4.0,4.0
3698,510_mel1_per143958.wav,1.0,3.0,3.0,2.0,1.0,False,,
3703,64_mel1_per1779742.wav,1.0,1.0,2.0,1.0,1.0,False,,1.0
3705,68_mel1_per1195742.wav,4.0,4.0,4.0,4.0,3.0,False,,4.0
3708,51_mel1_per190695.wav,4.0,4.0,4.0,4.0,4.0,True,4.0,4.0
3712,63_mel1_per1946742.wav,2.0,3.0,2.0,3.0,1.0,False,,
3718,53_mel2_per156758.wav,4.0,4.0,4.0,4.0,4.0,True,4.0,4.0
3720,54_mel1_per149859.wav,2.0,3.0,2.0,3.0,2.0,False,,2.0
3723,53_mel2_per188658.wav,1.0,3.0,3.0,3.0,1.0,False,,3.0
3727,65_mel1_per1752742.wav,2.0,3.0,3.0,3.0,3.0,False,,3.0
3728,510_mel2_per120006.wav,1.0,2.0,1.0,2.0,1.0,False,,1.0
3729,65_mel1_per1065742.wav,1.0,1.0,2.0,2.0,2.0,False,,2.0
3734,62_mel2_per1144742.wav,1.0,1.0,1.0,1.0,1.0,True,1.0,1.0
3739,57_mel1_per105558.wav,4.0,4.0,4.0,4.0,3.0,False,,4.0
3742,61_mel2_per1512752.wav,2.0,2.0,1.0,3.0,2.0,False,,2.0
3753,64_mel2_per1985742.wav,2.0,1.0,2.0,2.0,1.0,False,,2.0
3755,63_mel1_per1572742.wav,4.0,4.0,4.0,4.0,3.0,False,,4.0
3756,57_mel2_per175558.wav,1.0,2.0,2.0,3.0,2.0,False,,2.0
3763,54_mel1_per173160.wav,1.0,2.0,1.0,2.0,1.0,False,,1.0
3765,55_mel2_per103959.wav,4.0,4.0,4.0,4.0,4.0,True,4.0,4.0
3766,67_mel1_per1837742.wav,2.0,1.0,3.0,3.0,2.0,False,,
3769,64_mel1_per1453742.wav,3.0,4.0,4.0,4.0,4.0,False,,4.0
3770,54_mel1_per162695.wav,3.0,4.0,2.0,3.0,2.0,False,,
3774,61_mel2_per1155752.wav,1.0,1.0,2.0,2.0,1.0,False,,1.0
3780,65_mel1_per1316742.wav,1.0,1.0,1.0,4.0,1.0,False,,1.0
3783,63_mel1_per1640752.wav,1.0,1.0,1.0,1.0,1.0,True,1.0,1.0
3789,68_mel1_per1795742.wav,1.0,1.0,1.0,1.0,1.0,True,1.0,1.0
3793,67_mel2_per1177752.wav,1.0,1.0,2.0,2.0,2.0,False,,2.0
3796,610_mel1_per1373742.wav,1.0,1.0,1.0,1.0,1.0,True,1.0,1.0
3797,69_mel1_per1980752.wav,2.0,2.0,2.0,3.0,2.0,False,,2.0
3798,58_mel1_per180859.wav,4.0,4.0,4.0,4.0,4.0,True,4.0,4.0
3799,510_mel2_per162160.wav,1.0,1.0,1.0,1.0,1.0,True,1.0,1.0
3802,65_mel1_per1113742.wav,1.0,3.0,3.0,4.0,2.0,False,,
3805,67_mel1_per1559742.wav,4.0,4.0,4.0,4.0,4.0,True,4.0,4.0
3809,58_mel2_per114758.wav,2.0,2.0,2.0,3.0,2.0,False,,2.0
3811,610_mel1_per1399742.wav,1.0,2.0,3.0,2.0,2.0,False,,2.0
3816,63_mel1_per1029742.wav,1.0,2.0,2.0,2.0,1.0,False,,2.0
3822,66_mel1_per1033742.wav,1.0,4.0,2.0,3.0,2.0,False,,
3825,54_mel1_per112759.wav,4.0,4.0,4.0,4.0,3.0,False,,4.0
3834,68_mel2_per1009742.wav,1.0,1.0,1.0,1.0,1.0,True,1.0,1.0
3836,58_mel1_per130060.wav,2.0,1.0,1.0,2.0,2.0,False,,2.0
3841,52_mel2_per119659.wav,3.0,3.0,3.0,4.0,3.0,False,,3.0
3843,67_mel2_per1917752.wav,1.0,1.0,1.0,1.0,1.0,True,1.0,1.0
3844,65_mel1_per1573742.wav,1.0,2.0,2.0,3.0,3.0,False,,
3847,56_mel2_per155559.wav,2.0,3.0,3.0,3.0,2.0,False,,3.0
3849,58_mel1_per193659.wav,1.0,2.0,1.0,2.0,1.0,False,,1.0
3851,54_mel2_per177959.wav,3.0,3.0,3.0,3.0,1.0,False,,3.0
3854,52_mel2_per181659.wav,1.0,3.0,1.0,1.0,2.0,False,,1.0
3856,51_mel2_per126659.wav,1.0,2.0,1.0,2.0,1.0,False,,1.0
3860,66_mel1_per1188742.wav,4.0,4.0,4.0,4.0,4.0,True,4.0,4.0
3865,59_mel1_per160759.wav,1.0,1.0,1.0,1.0,1.0,True,1.0,1.0
3869,52_mel1_per156859.wav,1.0,1.0,2.0,1.0,1.0,False,,1.0
